"Block_Size"	"Sync"	"File_Size"	"Wall_Clock_Time"	"User_Time"	"Sys_Time"
512	-	67108864	3.27	0.19	3.08
1024	-	67108864	1.64	0.03	1.61
2048	-	67108864	0.91	0.05	0.86
4096	-	67108864	0.53	0.03	0.50
8192	-	67108864	0.33	0.06	0.27
16384	-	67108864	0.22	0.01	0.20
32768	-	67108864	0.17	0.00	0.17
65536	-	67108864	0.15	0.01	0.14
512	s	67108864	29.47	0.44	29.03
1024	s	67108864	16.36	0.30	16.06
2048	s	67108864	6.73	0.17	6.56
4096	s	67108864	3.53	0.03	3.50
8192	s	67108864	1.75	0.03	1.72
16384	s	67108864	1.05	0.01	1.03
32768	s	67108864	0.64	0.01	0.62
65536	s	67108864	0.33	0.01	0.31
512	-	67108864	2.95	0.22	2.73
1024	-	67108864	1.64	0.09	1.55
2048	-	67108864	0.95	0.01	0.94
4096	-	67108864	0.53	0.03	0.50
8192	-	67108864	0.37	0.03	0.34
16384	-	67108864	0.23	0.01	0.22
32768	-	67108864	0.16	0.00	0.16
65536	-	67108864	0.14	0.01	0.12
512	s	67108864	25.16	0.41	24.75
1024	s	67108864	13.05	0.20	12.84
2048	s	67108864	7.34	0.17	7.17
4096	s	67108864	3.47	0.05	3.42
8192	s	67108864	1.84	0.00	1.84
16384	s	67108864	1.05	0.00	1.05
32768	s	67108864	0.62	0.03	0.59
65536	s	67108864	0.39	0.01	0.38
512	-	67108864	2.92	0.17	2.75
1024	-	67108864	1.61	0.11	1.50
2048	-	67108864	0.92	0.06	0.86
4096	-	67108864	0.55	0.03	0.52
8192	-	67108864	0.33	0.05	0.28
16384	-	67108864	0.25	0.01	0.23
32768	-	67108864	0.22	0.00	0.22
65536	-	67108864	0.16	0.00	0.16
512	s	67108864	26.25	0.27	25.98
1024	s	67108864	13.14	0.28	12.86
2048	s	67108864	6.45	0.06	6.39
4096	s	67108864	3.47	0.08	3.39
8192	s	67108864	1.75	0.00	1.75
16384	s	67108864	1.03	0.00	1.03
32768	s	67108864	0.59	0.00	0.59
65536	s	67108864	0.36	0.00	0.36
512	-	67108864	3.00	0.14	2.86
1024	-	67108864	1.64	0.08	1.56
2048	-	67108864	0.91	0.06	0.84
4096	-	67108864	0.53	0.03	0.50
8192	-	67108864	0.34	0.01	0.33
16384	-	67108864	0.22	0.00	0.22
32768	-	67108864	0.19	0.01	0.17
65536	-	67108864	0.14	0.00	0.14
512	s	67108864	25.76	0.30	25.47
1024	s	67108864	13.12	0.19	12.94
2048	s	67108864	6.62	0.08	6.55
4096	s	67108864	3.37	0.09	3.28
8192	s	67108864	2.15	0.01	2.14
16384	s	67108864	1.33	0.01	1.31
32768	s	67108864	0.58	0.01	0.56
65536	s	67108864	0.44	0.03	0.41
512	-	67108864	2.92	0.12	2.80
1024	-	67108864	1.61	0.08	1.53
2048	-	67108864	0.89	0.06	0.83
4096	-	67108864	0.52	0.03	0.48
8192	-	67108864	0.31	0.00	0.31
16384	-	67108864	0.23	0.05	0.19
32768	-	67108864	0.19	0.00	0.19
65536	-	67108864	0.16	0.03	0.12
512	s	67108864	26.61	0.38	26.23
1024	s	67108864	12.83	0.31	12.52
2048	s	67108864	6.64	0.03	6.61
4096	s	67108864	3.45	0.01	3.44
8192	s	67108864	1.70	0.06	1.64
16384	s	67108864	0.94	0.01	0.92
32768	s	67108864	0.58	0.01	0.56
65536	s	67108864	0.34	0.00	0.34
512	-	67108864	2.84	0.20	2.64
1024	-	67108864	1.61	0.05	1.56
2048	-	67108864	0.91	0.03	0.88
4096	-	67108864	0.52	0.03	0.48
8192	-	67108864	0.34	0.00	0.34
16384	-	67108864	0.20	0.00	0.20
32768	-	67108864	0.19	0.00	0.19
65536	-	67108864	0.17	0.00	0.17
512	s	67108864	25.58	0.33	25.25
1024	s	67108864	13.14	0.09	13.05
2048	s	67108864	6.62	0.08	6.55
4096	s	67108864	3.58	0.08	3.50
8192	s	67108864	1.98	0.03	1.95
16384	s	67108864	1.00	0.01	0.98
32768	s	67108864	0.62	0.03	0.59
65536	s	67108864	0.39	0.03	0.36
512	-	67108864	2.94	0.25	2.69
1024	-	67108864	1.62	0.12	1.50
2048	-	67108864	0.94	0.08	0.86
4096	-	67108864	0.53	0.01	0.52
8192	-	67108864	0.31	0.03	0.28
16384	-	67108864	0.20	0.01	0.19
32768	-	67108864	0.19	0.03	0.16
65536	-	67108864	0.14	0.01	0.12
512	s	67108864	27.83	0.39	27.44
1024	s	67108864	13.78	0.34	13.44
2048	s	67108864	6.36	0.08	6.28
4096	s	67108864	3.48	0.03	3.45
8192	s	67108864	1.84	0.03	1.81
16384	s	67108864	1.01	0.01	1.00
32768	s	67108864	0.58	0.00	0.58
65536	s	67108864	0.33	0.01	0.31
512	-	67108864	2.95	0.17	2.78
1024	-	67108864	1.64	0.12	1.51
2048	-	67108864	0.89	0.03	0.86
4096	-	67108864	0.50	0.03	0.47
8192	-	67108864	0.34	0.00	0.34
16384	-	67108864	0.23	0.00	0.23
32768	-	67108864	0.16	0.00	0.16
65536	-	67108864	0.15	0.01	0.14
512	s	67108864	25.78	0.25	25.53
1024	s	67108864	13.40	0.30	13.11
2048	s	67108864	6.81	0.12	6.69
4096	s	67108864	3.42	0.14	3.28
8192	s	67108864	1.76	0.05	1.72
16384	s	67108864	0.98	0.01	0.97
32768	s	67108864	0.58	0.00	0.58
65536	s	67108864	0.34	0.03	0.31
512	-	67108864	3.00	0.23	2.77
1024	-	67108864	1.56	0.09	1.47
2048	-	67108864	0.91	0.09	0.81
4096	-	67108864	0.52	0.06	0.45
8192	-	67108864	0.34	0.01	0.33
16384	-	67108864	0.23	0.00	0.23
32768	-	67108864	0.17	0.00	0.17
65536	-	67108864	0.11	0.00	0.11
512	s	67108864	25.26	0.47	24.80
1024	s	67108864	13.36	0.23	13.12
2048	s	67108864	6.56	0.09	6.47
4096	s	67108864	3.55	0.05	3.50
8192	s	67108864	1.84	0.05	1.80
16384	s	67108864	1.01	0.01	1.00
32768	s	67108864	0.62	0.01	0.61
65536	s	67108864	0.34	0.00	0.34
512	-	67108864	2.83	0.27	2.56
1024	-	67108864	1.55	0.01	1.53
2048	-	67108864	0.81	0.05	0.77
4096	-	67108864	0.48	0.03	0.45
8192	-	67108864	0.33	0.03	0.30
16384	-	67108864	0.22	0.00	0.22
32768	-	67108864	0.15	0.01	0.14
65536	-	67108864	0.17	0.01	0.16
512	s	67108864	25.25	0.34	24.91
1024	s	67108864	13.34	0.27	13.08
2048	s	67108864	6.78	0.06	6.72
4096	s	67108864	3.50	0.03	3.47
8192	s	67108864	1.92	0.05	1.88
16384	s	67108864	1.09	0.01	1.08
32768	s	67108864	0.61	0.00	0.61
65536	s	67108864	0.34	0.01	0.33
512	-	134217728	6.08	0.41	5.67
1024	-	134217728	3.08	0.25	2.83
2048	-	134217728	1.73	0.12	1.61
4096	-	134217728	0.92	0.03	0.89
8192	-	134217728	0.62	0.03	0.59
16384	-	134217728	0.44	0.00	0.44
32768	-	134217728	0.34	0.00	0.34
65536	-	134217728	0.27	0.03	0.23
512	s	134217728	57.45	1.23	56.22
1024	s	134217728	26.16	0.62	25.53
2048	s	134217728	13.38	0.25	13.12
4096	s	134217728	6.66	0.11	6.55
8192	s	134217728	3.67	0.09	3.58
16384	s	134217728	2.06	0.03	2.03
32768	s	134217728	1.14	0.01	1.12
65536	s	134217728	0.66	0.01	0.64
512	-	134217728	5.73	0.30	5.44
1024	-	134217728	3.09	0.12	2.97
2048	-	134217728	1.69	0.11	1.58
4096	-	134217728	0.95	0.14	0.81
8192	-	134217728	0.59	0.00	0.59
16384	-	134217728	0.44	0.03	0.41
32768	-	134217728	0.33	0.01	0.31
65536	-	134217728	0.27	0.01	0.25
512	s	134217728	50.67	0.73	49.94
1024	s	134217728	25.58	0.20	25.38
2048	s	134217728	13.14	0.20	12.94
4096	s	134217728	6.58	0.12	6.45
8192	s	134217728	3.55	0.03	3.52
16384	s	134217728	1.83	0.03	1.80
32768	s	134217728	1.16	0.01	1.14
65536	s	134217728	0.70	0.01	0.69
512	-	134217728	5.66	0.45	5.20
1024	-	134217728	3.17	0.20	2.97
2048	-	134217728	1.76	0.05	1.72
4096	-	134217728	1.03	0.09	0.94
8192	-	134217728	0.61	0.05	0.56
16384	-	134217728	0.45	0.01	0.44
32768	-	134217728	0.30	0.01	0.28
65536	-	134217728	0.27	0.01	0.25
512	s	134217728	52.17	0.67	51.50
1024	s	134217728	26.05	0.61	25.44
2048	s	134217728	13.05	0.14	12.91
4096	s	134217728	6.47	0.11	6.36
8192	s	134217728	3.72	0.08	3.64
16384	s	134217728	1.91	0.03	1.88
32768	s	134217728	1.09	0.01	1.08
65536	s	134217728	0.67	0.00	0.67
512	-	134217728	5.78	0.45	5.33
1024	-	134217728	3.05	0.17	2.88
2048	-	134217728	1.76	0.12	1.64
4096	-	134217728	0.98	0.11	0.88
8192	-	134217728	0.61	0.03	0.58
16384	-	134217728	0.45	0.01	0.44
32768	-	134217728	0.31	0.01	0.30
65536	-	134217728	0.28	0.05	0.25
512	s	134217728	51.11	0.86	50.25
1024	s	134217728	25.17	0.41	24.77
2048	s	134217728	13.01	0.22	12.80
4096	s	134217728	6.72	0.11	6.61
8192	s	134217728	3.59	0.06	3.53
16384	s	134217728	1.98	0.06	1.92
32768	s	134217728	1.22	0.00	1.22
65536	s	134217728	0.64	0.00	0.64
512	-	134217728	5.84	0.45	5.39
1024	-	134217728	3.12	0.20	2.92
2048	-	134217728	1.73	0.09	1.64
4096	-	134217728	0.98	0.08	0.91
8192	-	134217728	0.58	0.03	0.55
16384	-	134217728	0.39	0.00	0.39
32768	-	134217728	0.31	0.00	0.31
65536	-	134217728	0.28	0.00	0.28
512	s	134217728	50.20	0.81	49.39
1024	s	134217728	25.09	0.45	24.64
2048	s	134217728	13.17	0.23	12.94
4096	s	134217728	6.94	0.11	6.83
8192	s	134217728	3.64	0.14	3.50
16384	s	134217728	2.02	0.03	1.98
32768	s	134217728	1.06	0.01	1.05
65536	s	134217728	0.69	0.01	0.67
512	-	134217728	5.84	0.28	5.56
1024	-	134217728	3.11	0.20	2.91
2048	-	134217728	1.78	0.09	1.69
4096	-	134217728	1.00	0.06	0.94
8192	-	134217728	0.59	0.05	0.55
16384	-	134217728	0.42	0.03	0.39
32768	-	134217728	0.33	0.00	0.33
65536	-	134217728	0.28	0.00	0.28
512	s	134217728	50.33	0.77	49.56
1024	s	134217728	25.69	0.27	25.42
2048	s	134217728	13.19	0.19	13.00
4096	s	134217728	6.70	0.14	6.56
8192	s	134217728	3.58	0.03	3.55
16384	s	134217728	2.03	0.00	2.03
32768	s	134217728	1.31	0.01	1.30
65536	s	134217728	0.73	0.01	0.72
512	-	134217728	5.91	0.42	5.48
1024	-	134217728	3.14	0.34	2.80
2048	-	134217728	1.78	0.06	1.72
4096	-	134217728	1.01	0.06	0.95
8192	-	134217728	0.64	0.08	0.56
16384	-	134217728	0.36	0.00	0.36
32768	-	134217728	0.31	0.00	0.31
65536	-	134217728	0.28	0.03	0.25
512	s	134217728	50.95	0.62	50.33
1024	s	134217728	25.27	0.52	24.75
2048	s	134217728	13.25	0.27	12.98
4096	s	134217728	7.00	0.08	6.92
8192	s	134217728	3.65	0.06	3.59
16384	s	134217728	2.05	0.05	2.00
32768	s	134217728	1.11	0.01	1.09
65536	s	134217728	0.70	0.01	0.69
512	-	134217728	5.86	0.34	5.51
1024	-	134217728	3.14	0.25	2.89
2048	-	134217728	1.76	0.11	1.66
4096	-	134217728	1.03	0.11	0.92
8192	-	134217728	0.62	0.08	0.55
16384	-	134217728	0.44	0.05	0.39
32768	-	134217728	0.30	0.00	0.30
65536	-	134217728	0.27	0.01	0.25
512	s	134217728	51.53	0.67	50.86
1024	s	134217728	26.67	0.22	26.45
2048	s	134217728	13.66	0.25	13.41
4096	s	134217728	6.87	0.06	6.81
8192	s	134217728	3.69	0.06	3.62
16384	s	134217728	2.34	0.05	2.30
32768	s	134217728	1.14	0.00	1.14
65536	s	134217728	0.84	0.01	0.83
512	-	134217728	5.92	0.38	5.55
1024	-	134217728	3.27	0.27	3.00
2048	-	134217728	1.75	0.11	1.64
4096	-	134217728	1.05	0.06	0.98
8192	-	134217728	0.64	0.05	0.59
16384	-	134217728	0.45	0.00	0.45
32768	-	134217728	0.31	0.01	0.30
65536	-	134217728	0.30	0.00	0.30
512	s	134217728	53.14	0.83	52.31
1024	s	134217728	25.11	0.33	24.78
2048	s	134217728	13.08	0.20	12.88
4096	s	134217728	6.59	0.09	6.50
8192	s	134217728	3.65	0.05	3.61
16384	s	134217728	1.84	0.05	1.80
32768	s	134217728	1.08	0.00	1.08
65536	s	134217728	0.72	0.01	0.70
512	-	134217728	5.91	0.42	5.48
1024	-	134217728	3.20	0.14	3.06
2048	-	134217728	1.75	0.03	1.72
4096	-	134217728	1.01	0.08	0.94
8192	-	134217728	0.62	0.03	0.59
16384	-	134217728	0.42	0.01	0.41
32768	-	134217728	0.33	0.00	0.33
65536	-	134217728	0.27	0.00	0.27
512	s	134217728	51.16	0.44	50.72
1024	s	134217728	26.47	0.41	26.06
2048	s	134217728	12.64	0.16	12.48
4096	s	134217728	6.72	0.06	6.66
8192	s	134217728	3.50	0.01	3.48
16384	s	134217728	2.03	0.01	2.02
32768	s	134217728	1.19	0.06	1.12
65536	s	134217728	0.70	0.00	0.70
512	-	201326592	8.94	0.66	8.28
1024	-	201326592	4.80	0.27	4.53
2048	-	201326592	2.67	0.14	2.53
4096	-	201326592	1.53	0.09	1.44
8192	-	201326592	0.92	0.03	0.89
16384	-	201326592	0.62	0.00	0.62
32768	-	201326592	0.45	0.00	0.45
65536	-	201326592	0.41	0.00	0.41
512	s	201326592	77.97	0.98	76.98
1024	s	201326592	38.81	0.44	38.38
2048	s	201326592	19.27	0.19	19.08
4096	s	201326592	11.31	0.12	11.19
8192	s	201326592	5.20	0.06	5.14
16384	s	201326592	2.90	0.01	2.89
32768	s	201326592	1.72	0.00	1.72
65536	s	201326592	0.98	0.00	0.98
512	-	201326592	8.73	0.38	8.36
1024	-	201326592	4.69	0.41	4.28
2048	-	201326592	2.64	0.19	2.45
4096	-	201326592	1.48	0.11	1.38
8192	-	201326592	0.97	0.01	0.95
16384	-	201326592	0.64	0.05	0.59
32768	-	201326592	0.47	0.00	0.47
65536	-	201326592	0.41	0.01	0.39
512	s	201326592	75.44	0.91	74.53
1024	s	201326592	38.11	0.30	37.81
2048	s	201326592	19.58	0.38	19.20
4096	s	201326592	9.90	0.14	9.77
8192	s	201326592	5.23	0.06	5.17
16384	s	201326592	2.94	0.05	2.89
32768	s	201326592	1.64	0.01	1.62
65536	s	201326592	0.94	0.01	0.92
512	-	201326592	8.72	0.58	8.14
1024	-	201326592	4.73	0.34	4.39
2048	-	201326592	2.70	0.19	2.52
4096	-	201326592	1.51	0.08	1.44
8192	-	201326592	0.95	0.00	0.95
16384	-	201326592	0.66	0.05	0.61
32768	-	201326592	0.48	0.05	0.44
65536	-	201326592	0.41	0.00	0.41
512	s	201326592	75.34	0.80	74.55
1024	s	201326592	38.34	0.45	37.89
2048	s	201326592	19.16	0.14	19.02
4096	s	201326592	10.14	0.11	10.03
8192	s	201326592	5.12	0.08	5.05
16384	s	201326592	3.00	0.03	2.97
32768	s	201326592	1.80	0.01	1.78
65536	s	201326592	0.97	0.01	0.95
512	-	201326592	8.95	0.84	8.11
1024	-	201326592	4.84	0.42	4.42
2048	-	201326592	2.73	0.17	2.56
4096	-	201326592	1.48	0.12	1.36
8192	-	201326592	0.94	0.01	0.92
16384	-	201326592	0.62	0.01	0.61
32768	-	201326592	0.44	0.01	0.42
65536	-	201326592	0.39	0.01	0.38
512	s	201326592	76.02	1.00	75.02
1024	s	201326592	38.44	0.30	38.14
2048	s	201326592	19.52	0.38	19.14
4096	s	201326592	10.09	0.09	10.00
8192	s	201326592	5.20	0.06	5.14
16384	s	201326592	3.09	0.00	3.09
32768	s	201326592	1.86	0.01	1.84
65536	s	201326592	1.01	0.01	1.00
512	-	201326592	9.12	0.56	8.56
1024	-	201326592	4.86	0.30	4.56
2048	-	201326592	2.70	0.12	2.58
4096	-	201326592	1.47	0.03	1.44
8192	-	201326592	0.89	0.03	0.86
16384	-	201326592	0.62	0.03	0.59
32768	-	201326592	0.48	0.03	0.45
65536	-	201326592	0.39	0.00	0.39
512	s	201326592	75.47	1.09	74.38
1024	s	201326592	38.80	0.34	38.45
2048	s	201326592	19.53	0.33	19.20
4096	s	201326592	10.11	0.11	10.00
8192	s	201326592	5.36	0.05	5.31
16384	s	201326592	2.87	0.01	2.86
32768	s	201326592	1.78	0.03	1.75
65536	s	201326592	1.01	0.01	1.00
512	-	201326592	8.92	0.70	8.22
1024	-	201326592	4.83	0.27	4.56
2048	-	201326592	2.70	0.16	2.55
4096	-	201326592	1.56	0.09	1.47
8192	-	201326592	0.94	0.03	0.91
16384	-	201326592	0.61	0.00	0.61
32768	-	201326592	0.48	0.03	0.45
65536	-	201326592	0.44	0.00	0.44
512	s	201326592	76.59	0.80	75.80
1024	s	201326592	38.05	0.42	37.62
2048	s	201326592	19.36	0.19	19.17
4096	s	201326592	9.98	0.06	9.92
8192	s	201326592	5.20	0.08	5.12
16384	s	201326592	2.87	0.05	2.83
32768	s	201326592	1.86	0.01	1.84
65536	s	201326592	1.08	0.01	1.06
512	-	201326592	8.89	0.53	8.36
1024	-	201326592	4.70	0.33	4.38
2048	-	201326592	2.75	0.11	2.64
4096	-	201326592	1.56	0.23	1.33
8192	-	201326592	0.95	0.08	0.88
16384	-	201326592	0.62	0.01	0.61
32768	-	201326592	0.47	0.05	0.42
65536	-	201326592	0.39	0.00	0.39
512	s	201326592	75.69	0.77	74.92
1024	s	201326592	37.55	0.47	37.08
2048	s	201326592	20.09	0.31	19.78
4096	s	201326592	10.30	0.16	10.14
8192	s	201326592	5.48	0.11	5.38
16384	s	201326592	3.00	0.03	2.97
32768	s	201326592	1.67	0.01	1.66
65536	s	201326592	1.01	0.01	1.00
512	-	201326592	8.95	0.59	8.36
1024	-	201326592	4.81	0.36	4.45
2048	-	201326592	2.73	0.16	2.58
4096	-	201326592	1.48	0.08	1.41
8192	-	201326592	0.94	0.06	0.88
16384	-	201326592	0.66	0.03	0.62
32768	-	201326592	0.45	0.01	0.44
65536	-	201326592	0.41	0.01	0.39
512	s	201326592	76.48	0.89	75.59
1024	s	201326592	39.30	0.33	38.97
2048	s	201326592	19.27	0.27	19.00
4096	s	201326592	10.02	0.08	9.94
8192	s	201326592	5.33	0.03	5.30
16384	s	201326592	2.97	0.05	2.92
32768	s	201326592	1.78	0.01	1.76
65536	s	201326592	1.00	0.01	0.98
512	-	201326592	9.09	0.55	8.55
1024	-	201326592	4.76	0.25	4.51
2048	-	201326592	2.69	0.11	2.58
4096	-	201326592	1.53	0.09	1.44
8192	-	201326592	0.91	0.01	0.89
16384	-	201326592	0.64	0.08	0.56
32768	-	201326592	0.48	0.00	0.48
65536	-	201326592	0.42	0.01	0.41
512	s	201326592	76.73	1.01	75.72
1024	s	201326592	38.53	0.41	38.12
2048	s	201326592	19.78	0.14	19.64
4096	s	201326592	9.80	0.09	9.70
8192	s	201326592	5.44	0.09	5.34
16384	s	201326592	3.05	0.03	3.02
32768	s	201326592	1.80	0.01	1.78
65536	s	201326592	0.97	0.00	0.97
512	-	201326592	8.61	0.61	8.00
1024	-	201326592	4.73	0.34	4.39
2048	-	201326592	2.70	0.28	2.42
4096	-	201326592	1.55	0.11	1.44
8192	-	201326592	0.94	0.05	0.89
16384	-	201326592	0.62	0.03	0.59
32768	-	201326592	0.48	0.00	0.48
65536	-	201326592	0.41	0.00	0.41
512	s	201326592	75.80	0.84	74.95
1024	s	201326592	38.12	0.58	37.55
2048	s	201326592	19.81	0.30	19.52
4096	s	201326592	10.00	0.11	9.89
8192	s	201326592	5.39	0.03	5.36
16384	s	201326592	3.03	0.08	2.95
32768	s	201326592	1.78	0.03	1.75
65536	s	201326592	1.06	0.01	1.05
512	-	268435456	11.95	0.88	11.08
1024	-	268435456	6.58	0.45	6.12
2048	-	268435456	3.64	0.12	3.52
4096	-	268435456	2.05	0.09	1.95
8192	-	268435456	1.26	0.05	1.22
16384	-	268435456	0.83	0.01	0.81
32768	-	268435456	0.64	0.00	0.64
65536	-	268435456	0.50	0.01	0.48
512	s	268435456	99.53	1.38	98.16
1024	s	268435456	51.20	0.55	50.66
2048	s	268435456	31.14	0.78	30.36
4096	s	268435456	13.78	0.17	13.61
8192	s	268435456	6.78	0.16	6.62
16384	s	268435456	3.92	0.06	3.86
32768	s	268435456	2.31	0.03	2.28
65536	s	268435456	1.39	0.03	1.36
512	-	268435456	11.77	0.77	11.00
1024	-	268435456	6.23	0.47	5.76
2048	-	268435456	3.50	0.20	3.30
4096	-	268435456	2.02	0.14	1.88
8192	-	268435456	1.23	0.05	1.19
16384	-	268435456	0.80	0.01	0.78
32768	-	268435456	0.64	0.01	0.62
65536	-	268435456	0.52	0.00	0.52
512	s	268435456	100.95	1.16	99.80
1024	s	268435456	51.20	0.58	50.62
2048	s	268435456	26.05	0.22	25.83
4096	s	268435456	13.22	0.16	13.06
8192	s	268435456	8.06	0.17	7.89
16384	s	268435456	3.80	0.06	3.73
32768	s	268435456	2.31	0.00	2.31
65536	s	268435456	1.31	0.03	1.28
512	-	268435456	11.73	0.75	10.98
1024	-	268435456	6.56	0.23	6.33
2048	-	268435456	3.55	0.30	3.25
4096	-	268435456	1.98	0.16	1.83
8192	-	268435456	1.23	0.08	1.16
16384	-	268435456	0.86	0.06	0.80
32768	-	268435456	0.62	0.00	0.62
65536	-	268435456	0.52	0.00	0.52
512	s	268435456	101.66	1.39	100.27
1024	s	268435456	50.83	0.53	50.30
2048	s	268435456	25.47	0.25	25.22
4096	s	268435456	13.51	0.17	13.34
8192	s	268435456	7.03	0.09	6.94
16384	s	268435456	3.83	0.03	3.80
32768	s	268435456	2.19	0.00	2.19
65536	s	268435456	1.37	0.03	1.34
512	-	268435456	11.69	0.77	10.92
1024	-	268435456	6.30	0.25	6.05
2048	-	268435456	3.62	0.22	3.41
4096	-	268435456	2.02	0.14	1.88
8192	-	268435456	1.19	0.03	1.16
16384	-	268435456	0.84	0.11	0.73
32768	-	268435456	0.64	0.00	0.64
65536	-	268435456	0.50	0.01	0.48
512	s	268435456	97.94	1.06	96.88
1024	s	268435456	50.55	0.48	50.06
2048	s	268435456	26.08	0.42	25.66
4096	s	268435456	13.44	0.17	13.27
8192	s	268435456	6.87	0.11	6.76
16384	s	268435456	4.08	0.05	4.03
32768	s	268435456	2.31	0.03	2.28
65536	s	268435456	1.30	0.03	1.26
512	-	268435456	11.55	0.59	10.95
1024	-	268435456	6.39	0.28	6.11
2048	-	268435456	3.59	0.22	3.38
4096	-	268435456	1.98	0.08	1.91
8192	-	268435456	1.19	0.09	1.09
16384	-	268435456	0.84	0.08	0.77
32768	-	268435456	0.64	0.03	0.61
65536	-	268435456	0.52	0.00	0.52
512	s	268435456	102.36	1.44	100.92
1024	s	268435456	50.59	0.61	49.98
2048	s	268435456	26.11	0.12	25.98
4096	s	268435456	13.17	0.14	13.03
8192	s	268435456	6.94	0.08	6.86
16384	s	268435456	3.84	0.03	3.81
32768	s	268435456	2.19	0.03	2.16
65536	s	268435456	1.41	0.01	1.39
512	-	268435456	12.03	0.94	11.09
1024	-	268435456	6.25	0.44	5.81
2048	-	268435456	3.59	0.19	3.41
4096	-	268435456	2.05	0.12	1.92
8192	-	268435456	1.25	0.09	1.16
16384	-	268435456	0.84	0.03	0.81
32768	-	268435456	0.62	0.00	0.62
65536	-	268435456	0.50	0.01	0.48
512	s	268435456	101.80	0.97	100.83
1024	s	268435456	50.89	0.45	50.44
2048	s	268435456	25.70	0.27	25.44
4096	s	268435456	13.34	0.03	13.31
8192	s	268435456	7.26	0.11	7.16
16384	s	268435456	3.87	0.03	3.84
32768	s	268435456	2.28	0.01	2.27
65536	s	268435456	1.31	0.00	1.31
512	-	268435456	11.61	0.70	10.91
1024	-	268435456	6.37	0.42	5.95
2048	-	268435456	3.58	0.14	3.44
4096	-	268435456	2.02	0.19	1.83
8192	-	268435456	1.23	0.08	1.16
16384	-	268435456	0.84	0.03	0.81
32768	-	268435456	0.61	0.00	0.61
65536	-	268435456	0.52	0.03	0.48
512	s	268435456	99.67	1.25	98.42
1024	s	268435456	53.05	0.67	52.38
2048	s	268435456	28.56	0.47	28.09
4096	s	268435456	13.03	0.16	12.88
8192	s	268435456	6.83	0.11	6.72
16384	s	268435456	4.03	0.01	4.01
32768	s	268435456	2.31	0.06	2.25
65536	s	268435456	1.26	0.01	1.25
512	-	268435456	11.89	0.83	11.06
1024	-	268435456	6.41	0.42	5.98
2048	-	268435456	3.64	0.16	3.48
4096	-	268435456	2.05	0.12	1.92
8192	-	268435456	1.26	0.08	1.19
16384	-	268435456	0.81	0.00	0.81
32768	-	268435456	0.64	0.03	0.61
65536	-	268435456	0.53	0.01	0.52
512	s	268435456	101.67	1.19	100.48
1024	s	268435456	51.53	0.66	50.88
2048	s	268435456	26.05	0.45	25.59
4096	s	268435456	13.23	0.17	13.06
8192	s	268435456	6.97	0.06	6.91
16384	s	268435456	3.89	0.03	3.86
32768	s	268435456	2.44	0.01	2.42
65536	s	268435456	1.37	0.01	1.36
512	-	268435456	11.86	0.83	11.03
1024	-	268435456	6.11	0.31	5.80
2048	-	268435456	3.58	0.23	3.34
4096	-	268435456	2.05	0.12	1.92
8192	-	268435456	1.25	0.06	1.19
16384	-	268435456	0.84	0.00	0.84
32768	-	268435456	0.64	0.00	0.64
65536	-	268435456	0.50	0.01	0.48
512	s	268435456	101.34	1.19	100.16
1024	s	268435456	50.87	0.64	50.23
2048	s	268435456	25.92	0.33	25.59
4096	s	268435456	13.37	0.14	13.23
8192	s	268435456	7.05	0.14	6.91
16384	s	268435456	3.95	0.11	3.84
32768	s	268435456	2.33	0.03	2.30
65536	s	268435456	1.38	0.00	1.38
512	-	268435456	11.75	0.53	11.22
1024	-	268435456	6.61	0.36	6.25
2048	-	268435456	3.58	0.12	3.45
4096	-	268435456	2.05	0.17	1.88
8192	-	268435456	1.26	0.11	1.16
16384	-	268435456	0.81	0.05	0.77
32768	-	268435456	0.62	0.00	0.62
65536	-	268435456	0.50	0.00	0.50
512	s	268435456	100.92	0.94	99.98
1024	s	268435456	50.59	0.66	49.94
2048	s	268435456	26.33	0.23	26.09
4096	s	268435456	13.44	0.16	13.28
8192	s	268435456	6.69	0.06	6.62
16384	s	268435456	3.73	0.03	3.70
32768	s	268435456	2.36	0.05	2.31
65536	s	268435456	1.41	0.03	1.38
512	-	335544320	14.83	0.72	14.11
1024	-	335544320	7.98	0.55	7.44
2048	-	335544320	4.37	0.27	4.11
4096	-	335544320	2.53	0.11	2.42
8192	-	335544320	1.47	0.12	1.34
16384	-	335544320	1.03	0.03	1.00
32768	-	335544320	0.78	0.01	0.77
65536	-	335544320	0.67	0.01	0.66
512	s	335544320	129.31	1.25	128.06
1024	s	335544320	64.37	0.70	63.67
2048	s	335544320	32.94	0.31	32.62
4096	s	335544320	17.03	0.19	16.84
8192	s	335544320	8.89	0.03	8.86
16384	s	335544320	4.80	0.03	4.76
32768	s	335544320	2.87	0.01	2.86
65536	s	335544320	1.78	0.01	1.76
512	-	335544320	14.64	0.94	13.70
1024	-	335544320	7.98	0.36	7.62
2048	-	335544320	4.42	0.23	4.19
4096	-	335544320	2.48	0.11	2.38
8192	-	335544320	1.56	0.08	1.48
16384	-	335544320	1.03	0.05	0.98
32768	-	335544320	0.80	0.01	0.78
65536	-	335544320	0.64	0.01	0.62
512	s	335544320	125.19	1.48	123.70
1024	s	335544320	63.20	0.72	62.48
2048	s	335544320	32.61	0.41	32.20
4096	s	335544320	16.77	0.28	16.48
8192	s	335544320	9.05	0.14	8.91
16384	s	335544320	4.83	0.08	4.75
32768	s	335544320	2.97	0.05	2.92
65536	s	335544320	1.75	0.00	1.75
512	-	335544320	14.53	0.84	13.69
1024	-	335544320	7.89	0.48	7.41
2048	-	335544320	4.41	0.25	4.16
4096	-	335544320	2.45	0.16	2.30
8192	-	335544320	1.75	0.08	1.67
16384	-	335544320	1.08	0.05	1.03
32768	-	335544320	0.77	0.03	0.73
65536	-	335544320	0.67	0.03	0.64
512	s	335544320	127.22	1.72	125.50
1024	s	335544320	63.30	0.50	62.80
2048	s	335544320	32.42	0.36	32.06
4096	s	335544320	21.59	0.59	21.00
8192	s	335544320	8.69	0.06	8.62
16384	s	335544320	4.84	0.03	4.81
32768	s	335544320	2.95	0.05	2.91
65536	s	335544320	1.69	0.01	1.67
512	-	335544320	14.65	0.80	13.86
1024	-	335544320	7.81	0.41	7.41
2048	-	335544320	4.33	0.17	4.16
4096	-	335544320	2.51	0.17	2.34
8192	-	335544320	1.55	0.09	1.45
16384	-	335544320	1.06	0.03	1.03
32768	-	335544320	0.81	0.03	0.78
65536	-	335544320	0.66	0.00	0.66
512	s	335544320	123.33	1.51	121.81
1024	s	335544320	63.81	0.91	62.91
2048	s	335544320	32.28	0.50	31.78
4096	s	335544320	17.84	0.36	17.48
8192	s	335544320	9.09	0.06	9.03
16384	s	335544320	4.80	0.09	4.70
32768	s	335544320	2.83	0.03	2.80
65536	s	335544320	1.72	0.03	1.69
512	-	335544320	14.34	1.08	13.27
1024	-	335544320	7.91	0.39	7.51
2048	-	335544320	4.45	0.27	4.19
4096	-	335544320	2.53	0.14	2.39
8192	-	335544320	1.55	0.11	1.44
16384	-	335544320	1.03	0.05	0.98
32768	-	335544320	0.80	0.01	0.78
65536	-	335544320	0.64	0.01	0.62
512	s	335544320	127.14	1.38	125.77
1024	s	335544320	64.06	0.73	63.33
2048	s	335544320	32.55	0.45	32.09
4096	s	335544320	16.70	0.19	16.52
8192	s	335544320	8.92	0.06	8.86
16384	s	335544320	4.80	0.01	4.78
32768	s	335544320	3.12	0.03	3.09
65536	s	335544320	1.69	0.01	1.67
512	-	335544320	14.64	0.94	13.70
1024	-	335544320	7.98	0.64	7.34
2048	-	335544320	4.47	0.25	4.22
4096	-	335544320	2.44	0.19	2.25
8192	-	335544320	1.56	0.06	1.50
16384	-	335544320	1.01	0.05	0.97
32768	-	335544320	0.78	0.00	0.78
65536	-	335544320	0.64	0.01	0.62
512	s	335544320	123.20	1.30	121.91
1024	s	335544320	63.31	0.69	62.62
2048	s	335544320	34.55	0.36	34.19
4096	s	335544320	18.39	0.25	18.14
8192	s	335544320	8.78	0.14	8.64
16384	s	335544320	5.01	0.11	4.91
32768	s	335544320	2.92	0.06	2.86
65536	s	335544320	1.70	0.00	1.70
512	-	335544320	14.98	0.88	14.11
1024	-	335544320	7.97	0.53	7.44
2048	-	335544320	4.47	0.20	4.26
4096	-	335544320	2.51	0.22	2.30
8192	-	335544320	1.55	0.01	1.53
16384	-	335544320	1.05	0.03	1.01
32768	-	335544320	0.75	0.01	0.73
65536	-	335544320	0.62	0.01	0.61
512	s	335544320	126.11	1.62	124.48
1024	s	335544320	63.92	0.61	63.31
2048	s	335544320	32.66	0.33	32.33
4096	s	335544320	16.55	0.20	16.34
8192	s	335544320	8.97	0.12	8.84
16384	s	335544320	4.97	0.00	4.97
32768	s	335544320	2.89	0.00	2.89
65536	s	335544320	1.66	0.03	1.62
512	-	335544320	14.84	0.83	14.02
1024	-	335544320	8.00	0.42	7.58
2048	-	335544320	4.41	0.33	4.08
4096	-	335544320	2.48	0.12	2.36
8192	-	335544320	1.55	0.05	1.50
16384	-	335544320	1.06	0.00	1.06
32768	-	335544320	0.78	0.01	0.77
65536	-	335544320	0.64	0.03	0.61
512	s	335544320	126.67	1.39	125.28
1024	s	335544320	64.67	0.94	63.73
2048	s	335544320	33.08	0.34	32.73
4096	s	335544320	16.76	0.17	16.59
8192	s	335544320	8.94	0.12	8.81
16384	s	335544320	4.98	0.01	4.97
32768	s	335544320	2.84	0.01	2.83
65536	s	335544320	1.73	0.03	1.70
512	-	335544320	14.69	1.17	13.52
1024	-	335544320	7.81	0.50	7.31
2048	-	335544320	4.33	0.17	4.16
4096	-	335544320	2.55	0.19	2.36
8192	-	335544320	1.50	0.11	1.39
16384	-	335544320	1.03	0.06	0.97
32768	-	335544320	0.78	0.08	0.70
65536	-	335544320	0.64	0.00	0.64
512	s	335544320	125.00	1.59	123.41
1024	s	335544320	63.97	0.59	63.38
2048	s	335544320	32.44	0.42	32.02
4096	s	335544320	16.33	0.17	16.16
8192	s	335544320	8.98	0.09	8.89
16384	s	335544320	4.72	0.08	4.64
32768	s	335544320	2.89	0.01	2.88
65536	s	335544320	1.66	0.03	1.62
512	-	335544320	14.92	1.08	13.84
1024	-	335544320	7.87	0.56	7.31
2048	-	335544320	4.44	0.36	4.08
4096	-	335544320	2.45	0.06	2.39
8192	-	335544320	1.58	0.08	1.50
16384	-	335544320	0.98	0.00	0.98
32768	-	335544320	0.78	0.00	0.78
65536	-	335544320	0.66	0.01	0.64
512	s	335544320	131.66	1.64	130.01
1024	s	335544320	64.25	0.86	63.39
2048	s	335544320	32.31	0.38	31.95
4096	s	335544320	16.92	0.16	16.77
8192	s	335544320	8.52	0.08	8.44
16384	s	335544320	4.98	0.08	4.91
32768	s	335544320	2.87	0.05	2.83
65536	s	335544320	1.67	0.06	1.61
512	-	402653184	17.77	0.98	16.78
1024	-	402653184	9.56	0.64	8.92
2048	-	402653184	5.41	0.33	5.08
4096	-	402653184	2.98	0.20	2.78
8192	-	402653184	1.81	0.06	1.75
16384	-	402653184	1.25	0.05	1.20
32768	-	402653184	0.94	0.06	0.88
65536	-	402653184	0.78	0.05	0.73
512	s	402653184	153.33	1.86	151.47
1024	s	402653184	76.00	0.84	75.16
2048	s	402653184	39.44	0.42	39.02
4096	s	402653184	20.25	0.20	20.05
8192	s	402653184	10.78	0.11	10.67
16384	s	402653184	5.97	0.08	5.89
32768	s	402653184	3.42	0.01	3.41
65536	s	402653184	1.91	0.03	1.88
512	-	402653184	17.47	1.14	16.33
1024	-	402653184	9.45	0.75	8.70
2048	-	402653184	5.41	0.34	5.06
4096	-	402653184	3.03	0.36	2.67
8192	-	402653184	1.83	0.09	1.73
16384	-	402653184	1.23	0.06	1.17
32768	-	402653184	0.94	0.01	0.92
65536	-	402653184	0.78	0.03	0.75
512	s	402653184	153.06	2.11	150.95
1024	s	402653184	76.39	0.80	75.59
2048	s	402653184	38.70	0.39	38.31
4096	s	402653184	20.28	0.31	19.97
8192	s	402653184	10.81	0.16	10.66
16384	s	402653184	5.91	0.11	5.80
32768	s	402653184	3.47	0.01	3.45
65536	s	402653184	2.12	0.00	2.12
512	-	402653184	17.39	1.00	16.39
1024	-	402653184	9.47	0.61	8.86
2048	-	402653184	5.37	0.27	5.11
4096	-	402653184	3.03	0.25	2.78
8192	-	402653184	1.78	0.09	1.69
16384	-	402653184	1.25	0.01	1.23
32768	-	402653184	0.89	0.03	0.86
65536	-	402653184	0.75	0.01	0.73
512	s	402653184	152.86	1.58	151.28
1024	s	402653184	81.97	1.58	80.39
2048	s	402653184	38.62	0.45	38.17
4096	s	402653184	20.22	0.28	19.94
8192	s	402653184	10.50	0.08	10.42
16384	s	402653184	5.86	0.05	5.81
32768	s	402653184	3.39	0.03	3.36
65536	s	402653184	1.83	0.01	1.81
512	-	402653184	17.53	0.97	16.56
1024	-	402653184	9.59	0.50	9.09
2048	-	402653184	5.20	0.25	4.95
4096	-	402653184	3.05	0.12	2.92
8192	-	402653184	1.86	0.12	1.73
16384	-	402653184	1.20	0.03	1.17
32768	-	402653184	0.92	0.08	0.84
65536	-	402653184	0.80	0.03	0.77
512	s	402653184	153.51	1.58	151.94
1024	s	402653184	76.23	1.06	75.17
2048	s	402653184	39.16	0.42	38.73
4096	s	402653184	20.44	0.31	20.12
8192	s	402653184	10.56	0.11	10.45
16384	s	402653184	5.89	0.06	5.83
32768	s	402653184	3.45	0.08	3.38
65536	s	402653184	2.08	0.03	2.05
512	-	402653184	17.61	1.08	16.53
1024	-	402653184	9.28	0.62	8.66
2048	-	402653184	5.37	0.30	5.08
4096	-	402653184	3.03	0.14	2.89
8192	-	402653184	1.83	0.19	1.64
16384	-	402653184	1.23	0.05	1.19
32768	-	402653184	0.89	0.03	0.86
65536	-	402653184	0.78	0.01	0.77
512	s	402653184	153.87	1.86	152.01
1024	s	402653184	76.69	0.88	75.81
2048	s	402653184	39.06	0.33	38.73
4096	s	402653184	20.36	0.30	20.06
8192	s	402653184	10.83	0.16	10.67
16384	s	402653184	6.03	0.06	5.97
32768	s	402653184	3.52	0.06	3.45
65536	s	402653184	2.12	0.03	2.09
512	-	402653184	17.69	1.33	16.36
1024	-	402653184	9.90	0.39	9.52
2048	-	402653184	5.20	0.30	4.91
4096	-	402653184	3.03	0.17	2.86
8192	-	402653184	1.87	0.05	1.83
16384	-	402653184	1.19	0.05	1.14
32768	-	402653184	0.94	0.01	0.92
65536	-	402653184	0.89	0.01	0.88
512	s	402653184	152.75	1.26	151.48
1024	s	402653184	76.61	0.97	75.64
2048	s	402653184	39.69	0.47	39.22
4096	s	402653184	19.92	0.27	19.66
8192	s	402653184	10.77	0.08	10.69
16384	s	402653184	6.00	0.06	5.94
32768	s	402653184	3.53	0.05	3.48
65536	s	402653184	2.02	0.01	2.00
512	-	402653184	17.62	1.36	16.27
1024	-	402653184	9.53	0.42	9.11
2048	-	402653184	5.39	0.30	5.09
4096	-	402653184	2.98	0.17	2.81
8192	-	402653184	1.83	0.17	1.66
16384	-	402653184	1.22	0.01	1.20
32768	-	402653184	0.92	0.03	0.89
65536	-	402653184	0.77	0.01	0.75
512	s	402653184	150.87	1.48	149.39
1024	s	402653184	76.94	0.98	75.95
2048	s	402653184	38.52	0.45	38.06
4096	s	402653184	22.28	0.36	21.92
8192	s	402653184	10.47	0.19	10.28
16384	s	402653184	5.84	0.05	5.80
32768	s	402653184	3.45	0.05	3.41
65536	s	402653184	2.11	0.00	2.11
512	-	402653184	17.36	1.08	16.28
1024	-	402653184	9.45	0.55	8.91
2048	-	402653184	5.37	0.36	5.01
4096	-	402653184	2.92	0.11	2.81
8192	-	402653184	1.84	0.12	1.72
16384	-	402653184	1.20	0.03	1.17
32768	-	402653184	0.92	0.05	0.88
65536	-	402653184	0.78	0.00	0.78
512	s	402653184	151.70	1.88	149.83
1024	s	402653184	76.47	0.73	75.73
2048	s	402653184	39.00	0.41	38.59
4096	s	402653184	20.44	0.19	20.25
8192	s	402653184	10.37	0.08	10.30
16384	s	402653184	5.83	0.03	5.80
32768	s	402653184	3.31	0.03	3.28
65536	s	402653184	1.98	0.05	1.94
512	-	402653184	17.44	1.19	16.25
1024	-	402653184	9.40	0.69	8.72
2048	-	402653184	5.23	0.34	4.89
4096	-	402653184	3.02	0.25	2.77
8192	-	402653184	1.81	0.09	1.72
16384	-	402653184	1.19	0.09	1.09
32768	-	402653184	0.91	0.08	0.83
65536	-	402653184	0.77	0.00	0.77
512	s	402653184	150.33	1.50	148.83
1024	s	402653184	77.58	0.66	76.92
2048	s	402653184	38.33	0.39	37.94
4096	s	402653184	19.91	0.30	19.61
8192	s	402653184	10.52	0.12	10.39
16384	s	402653184	6.16	0.05	6.11
32768	s	402653184	3.56	0.01	3.55
65536	s	402653184	2.20	0.01	2.19
512	-	402653184	17.53	1.08	16.45
1024	-	402653184	9.50	0.66	8.84
2048	-	402653184	5.28	0.33	4.95
4096	-	402653184	3.05	0.17	2.88
8192	-	402653184	1.83	0.11	1.72
16384	-	402653184	1.22	0.01	1.20
32768	-	402653184	0.92	0.05	0.88
65536	-	402653184	0.73	0.01	0.72
512	s	402653184	150.47	1.67	148.80
1024	s	402653184	76.92	0.84	76.08
2048	s	402653184	38.89	0.44	38.45
4096	s	402653184	20.38	0.25	20.12
8192	s	402653184	10.47	0.14	10.33
16384	s	402653184	5.84	0.00	5.84
32768	s	402653184	3.44	0.09	3.34
65536	s	402653184	1.92	0.00	1.92
512	-	469762048	20.50	1.16	19.34
1024	-	469762048	11.20	0.58	10.62
2048	-	469762048	6.11	0.53	5.58
4096	-	469762048	3.53	0.22	3.31
8192	-	469762048	2.03	0.12	1.91
16384	-	469762048	1.42	0.09	1.33
32768	-	469762048	1.08	0.05	1.03
65536	-	469762048	0.97	0.01	0.95
512	s	469762048	173.44	1.72	171.72
1024	s	469762048	94.30	1.47	92.83
2048	s	469762048	45.20	0.69	44.52
4096	s	469762048	24.16	0.41	23.75
8192	s	469762048	11.86	0.16	11.70
16384	s	469762048	7.01	0.09	6.92
32768	s	469762048	4.05	0.06	3.98
65536	s	469762048	2.33	0.03	2.30
512	-	469762048	20.47	1.31	19.16
1024	-	469762048	11.11	0.61	10.50
2048	-	469762048	6.26	0.36	5.91
4096	-	469762048	3.50	0.12	3.38
8192	-	469762048	2.09	0.11	1.98
16384	-	469762048	1.45	0.01	1.44
32768	-	469762048	1.05	0.06	0.98
65536	-	469762048	0.89	0.01	0.88
512	s	469762048	176.56	2.00	174.56
1024	s	469762048	86.56	0.78	85.78
2048	s	469762048	45.41	0.72	44.69
4096	s	469762048	24.05	0.45	23.59
8192	s	469762048	12.09	0.23	11.86
16384	s	469762048	6.75	0.08	6.67
32768	s	469762048	4.12	0.01	4.11
65536	s	469762048	2.34	0.01	2.33
512	-	469762048	20.45	1.05	19.41
1024	-	469762048	10.89	0.70	10.19
2048	-	469762048	6.08	0.36	5.72
4096	-	469762048	3.52	0.12	3.39
8192	-	469762048	2.15	0.11	2.05
16384	-	469762048	1.45	0.03	1.42
32768	-	469762048	1.05	0.01	1.03
65536	-	469762048	0.94	0.01	0.92
512	s	469762048	176.17	2.39	173.78
1024	s	469762048	91.30	1.19	90.11
2048	s	469762048	46.05	0.53	45.52
4096	s	469762048	23.05	0.33	22.72
8192	s	469762048	12.47	0.14	12.33
16384	s	469762048	6.98	0.03	6.95
32768	s	469762048	3.98	0.09	3.89
65536	s	469762048	2.27	0.01	2.25
512	-	469762048	20.45	1.26	19.19
1024	-	469762048	11.12	0.70	10.42
2048	-	469762048	6.23	0.41	5.83
4096	-	469762048	3.38	0.12	3.25
8192	-	469762048	2.11	0.12	1.98
16384	-	469762048	1.44	0.14	1.30
32768	-	469762048	1.08	0.05	1.03
65536	-	469762048	0.95	0.01	0.94
512	s	469762048	180.26	2.20	178.06
1024	s	469762048	93.95	1.47	92.48
2048	s	469762048	47.11	0.66	46.45
4096	s	469762048	23.97	0.33	23.64
8192	s	469762048	12.58	0.22	12.36
16384	s	469762048	6.66	0.09	6.56
32768	s	469762048	4.06	0.03	4.03
65536	s	469762048	2.33	0.00	2.33
512	-	469762048	20.34	1.42	18.92
1024	-	469762048	10.89	0.59	10.30
2048	-	469762048	6.03	0.33	5.70
4096	-	469762048	3.47	0.25	3.22
8192	-	469762048	2.11	0.16	1.95
16384	-	469762048	1.36	0.06	1.30
32768	-	469762048	1.00	0.01	0.98
65536	-	469762048	0.86	0.03	0.83
512	s	469762048	179.16	2.73	176.42
1024	s	469762048	102.67	2.34	100.33
2048	s	469762048	65.33	2.19	63.14
4096	s	469762048	30.23	0.72	29.52
8192	s	469762048	14.95	0.39	14.56
16384	s	469762048	8.58	0.14	8.44
32768	s	469762048	5.23	0.11	5.12
65536	s	469762048	2.97	0.08	2.89
512	-	469762048	23.50	1.50	22.00
1024	-	469762048	12.66	1.00	11.66
2048	-	469762048	7.23	0.39	6.84
4096	-	469762048	3.92	0.31	3.61
8192	-	469762048	2.39	0.08	2.31
16384	-	469762048	1.56	0.06	1.50
32768	-	469762048	1.17	0.05	1.12
65536	-	469762048	0.95	0.03	0.92
512	s	469762048	238.61	7.08	231.53
1024	s	469762048	115.94	2.59	113.34
2048	s	469762048	58.95	1.31	57.64
4096	s	469762048	39.45	1.53	37.92
8192	s	469762048	21.59	1.00	20.59
16384	s	469762048	9.77	0.28	9.48
32768	s	469762048	5.64	0.19	5.45
65536	s	469762048	3.44	0.06	3.38
512	-	469762048	25.52	1.95	23.56
1024	-	469762048	13.55	0.89	12.66
2048	-	469762048	7.59	0.58	7.01
4096	-	469762048	4.23	0.22	4.01
8192	-	469762048	2.61	0.11	2.50
16384	-	469762048	1.70	0.06	1.64
32768	-	469762048	1.25	0.09	1.16
65536	-	469762048	1.17	0.03	1.14
512	s	469762048	251.73	7.51	244.22
1024	s	469762048	114.86	2.84	112.02
2048	s	469762048	56.53	1.36	55.17
4096	s	469762048	30.45	0.84	29.61
8192	s	469762048	16.05	0.41	15.64
16384	s	469762048	7.75	0.12	7.62
32768	s	469762048	4.62	0.05	4.58
65536	s	469762048	2.75	0.06	2.69
512	-	469762048	24.11	1.67	22.44
1024	-	469762048	12.83	0.91	11.92
2048	-	469762048	7.30	0.50	6.80
4096	-	469762048	3.97	0.27	3.70
8192	-	469762048	2.50	0.17	2.33
16384	-	469762048	1.64	0.09	1.55
32768	-	469762048	1.28	0.01	1.26
65536	-	469762048	1.00	0.05	0.95
512	s	469762048	238.62	6.59	232.03
1024	s	469762048	91.84	1.44	90.41
2048	s	469762048	46.02	0.78	45.23
4096	s	469762048	24.31	0.34	23.97
8192	s	469762048	12.53	0.12	12.41
16384	s	469762048	6.98	0.11	6.88
32768	s	469762048	4.16	0.06	4.09
65536	s	469762048	2.25	0.01	2.23
512	-	469762048	20.23	1.23	19.00
1024	-	469762048	10.80	0.97	9.83
2048	-	469762048	6.20	0.42	5.78
4096	-	469762048	3.41	0.20	3.20
8192	-	469762048	2.11	0.08	2.03
16384	-	469762048	1.30	0.01	1.28
32768	-	469762048	1.05	0.03	1.01
65536	-	469762048	0.87	0.03	0.84
512	s	469762048	179.41	2.17	177.23
1024	s	469762048	89.70	1.67	88.03
2048	s	469762048	65.87	1.80	64.08
4096	s	469762048	40.23	1.44	38.80
8192	s	469762048	21.20	0.66	20.55
16384	s	469762048	11.09	0.23	10.86
32768	s	469762048	6.61	0.30	6.31
65536	s	469762048	3.67	0.05	3.62
512	-	469762048	23.75	1.78	21.97
1024	-	469762048	14.31	0.86	13.45
2048	-	469762048	5.98	0.36	5.62
4096	-	469762048	3.39	0.11	3.28
8192	-	469762048	2.08	0.08	2.00
16384	-	469762048	1.39	0.06	1.33
32768	-	469762048	1.00	0.01	0.98
65536	-	469762048	0.86	0.03	0.83
512	s	469762048	179.17	2.38	176.80
1024	s	469762048	87.08	1.11	85.97
2048	s	469762048	46.08	0.45	45.62
4096	s	469762048	23.73	0.22	23.52
8192	s	469762048	12.34	0.19	12.16
16384	s	469762048	7.30	0.17	7.12
32768	s	469762048	4.17	0.09	4.08
65536	s	469762048	2.44	0.03	2.41
512	-	536870912	24.31	1.45	22.86
1024	-	536870912	12.84	0.80	12.05
2048	-	536870912	7.30	0.44	6.86
4096	-	536870912	4.16	0.34	3.81
8192	-	536870912	2.52	0.06	2.45
16384	-	536870912	1.66	0.06	1.59
32768	-	536870912	1.12	0.03	1.09
65536	-	536870912	1.05	0.01	1.03
512	s	536870912	213.51	3.33	210.19
1024	s	536870912	103.39	1.61	101.78
2048	s	536870912	53.42	0.72	52.70
4096	s	536870912	26.92	0.34	26.58
8192	s	536870912	14.26	0.09	14.17
16384	s	536870912	8.03	0.09	7.94
32768	s	536870912	4.80	0.06	4.73
65536	s	536870912	2.75	0.03	2.72
512	-	536870912	24.19	1.69	22.50
1024	-	536870912	12.92	0.88	12.05
2048	-	536870912	7.30	0.41	6.89
4096	-	536870912	4.08	0.25	3.83
8192	-	536870912	2.52	0.12	2.39
16384	-	536870912	1.72	0.05	1.67
32768	-	536870912	1.39	0.03	1.36
65536	-	536870912	1.05	0.03	1.01
512	s	536870912	202.92	2.55	200.38
1024	s	536870912	104.66	1.44	103.22
2048	s	536870912	52.72	0.75	51.97
4096	s	536870912	32.31	0.52	31.80
8192	s	536870912	18.84	0.45	18.39
16384	s	536870912	8.20	0.09	8.11
32768	s	536870912	4.69	0.06	4.62
65536	s	536870912	2.80	0.01	2.78
512	-	536870912	24.36	1.70	22.66
1024	-	536870912	13.17	0.91	12.27
2048	-	536870912	7.28	0.38	6.91
4096	-	536870912	4.11	0.16	3.95
8192	-	536870912	2.55	0.17	2.38
16384	-	536870912	1.66	0.08	1.58
32768	-	536870912	1.22	0.05	1.17
65536	-	536870912	1.01	0.03	0.98
512	s	536870912	213.03	2.88	210.16
1024	s	536870912	104.77	1.03	103.73
2048	s	536870912	56.19	0.73	55.45
4096	s	536870912	27.48	0.52	26.97
8192	s	536870912	14.61	0.12	14.48
16384	s	536870912	8.11	0.05	8.06
32768	s	536870912	4.58	0.03	4.55
65536	s	536870912	2.80	0.01	2.78
512	-	536870912	23.52	1.36	22.16
1024	-	536870912	12.48	0.67	11.81
2048	-	536870912	6.84	0.44	6.41
4096	-	536870912	3.94	0.28	3.66
8192	-	536870912	2.44	0.12	2.31
16384	-	536870912	1.62	0.03	1.59
32768	-	536870912	1.22	0.05	1.17
65536	-	536870912	0.98	0.00	0.98
512	s	536870912	213.03	2.70	210.33
1024	s	536870912	106.23	1.51	104.72
2048	s	536870912	54.12	0.64	53.48
4096	s	536870912	27.70	0.47	27.23
8192	s	536870912	14.50	0.22	14.28
16384	s	536870912	7.97	0.11	7.86
32768	s	536870912	4.75	0.01	4.73
65536	s	536870912	2.55	0.01	2.53
512	-	536870912	23.45	1.38	22.08
1024	-	536870912	12.56	0.67	11.89
2048	-	536870912	6.87	0.53	6.34
4096	-	536870912	3.92	0.22	3.70
8192	-	536870912	2.34	0.08	2.27
16384	-	536870912	1.62	0.08	1.55
32768	-	536870912	1.23	0.01	1.22
65536	-	536870912	0.95	0.03	0.92
512	s	536870912	212.67	3.08	209.59
1024	s	536870912	104.62	1.22	103.41
2048	s	536870912	52.36	0.73	51.62
4096	s	536870912	27.01	0.30	26.72
8192	s	536870912	14.28	0.12	14.16
16384	s	536870912	8.25	0.09	8.16
32768	s	536870912	4.70	0.06	4.64
65536	s	536870912	2.77	0.03	2.73
512	-	536870912	23.48	1.26	22.22
1024	-	536870912	12.52	0.81	11.70
2048	-	536870912	7.14	0.33	6.81
4096	-	536870912	4.01	0.30	3.72
8192	-	536870912	2.45	0.16	2.30
16384	-	536870912	1.53	0.06	1.47
32768	-	536870912	1.12	0.05	1.08
65536	-	536870912	1.00	0.03	0.97
512	s	536870912	218.44	3.17	215.26
1024	s	536870912	102.27	1.28	100.98
2048	s	536870912	52.98	0.64	52.34
4096	s	536870912	27.64	0.17	27.47
8192	s	536870912	13.83	0.14	13.69
16384	s	536870912	7.78	0.16	7.62
32768	s	536870912	4.62	0.00	4.62
65536	s	536870912	2.67	0.03	2.64
512	-	536870912	24.37	1.55	22.83
1024	-	536870912	13.09	0.67	12.42
2048	-	536870912	7.19	0.45	6.73
4096	-	536870912	4.09	0.25	3.84
8192	-	536870912	2.47	0.14	2.33
16384	-	536870912	1.67	0.11	1.56
32768	-	536870912	1.22	0.01	1.20
65536	-	536870912	1.03	0.00	1.03
512	s	536870912	204.30	2.80	201.50
1024	s	536870912	102.14	1.30	100.84
2048	s	536870912	51.64	0.53	51.11
4096	s	536870912	27.39	0.34	27.05
8192	s	536870912	13.86	0.17	13.69
16384	s	536870912	7.81	0.09	7.72
32768	s	536870912	4.78	0.08	4.70
65536	s	536870912	2.78	0.01	2.77
512	-	536870912	23.92	1.34	22.58
1024	-	536870912	13.06	1.03	12.03
2048	-	536870912	7.17	0.45	6.72
4096	-	536870912	4.11	0.31	3.80
8192	-	536870912	2.45	0.12	2.33
16384	-	536870912	1.72	0.08	1.64
32768	-	536870912	1.23	0.09	1.14
65536	-	536870912	1.03	0.03	1.00
512	s	536870912	203.72	2.62	201.09
1024	s	536870912	101.81	1.42	100.39
2048	s	536870912	52.91	0.55	52.36
4096	s	536870912	26.81	0.28	26.53
8192	s	536870912	14.50	0.11	14.39
16384	s	536870912	7.80	0.11	7.69
32768	s	536870912	4.86	0.05	4.81
65536	s	536870912	2.72	0.01	2.70
512	-	536870912	24.11	1.55	22.56
1024	-	536870912	12.94	0.80	12.14
2048	-	536870912	7.25	0.47	6.78
4096	-	536870912	4.03	0.25	3.78
8192	-	536870912	2.50	0.08	2.42
16384	-	536870912	1.67	0.09	1.58
32768	-	536870912	1.23	0.08	1.16
65536	-	536870912	1.06	0.01	1.05
512	s	536870912	204.41	2.50	201.91
1024	s	536870912	102.73	1.08	101.66
2048	s	536870912	52.02	0.50	51.52
4096	s	536870912	27.47	0.33	27.14
8192	s	536870912	14.27	0.19	14.08
16384	s	536870912	7.89	0.11	7.78
32768	s	536870912	4.78	0.09	4.69
65536	s	536870912	2.78	0.03	2.75
512	-	536870912	24.11	1.48	22.62
1024	-	536870912	12.83	0.84	11.98
2048	-	536870912	7.26	0.41	6.86
4096	-	536870912	4.08	0.19	3.89
8192	-	536870912	2.58	0.08	2.50
16384	-	536870912	1.62	0.03	1.59
32768	-	536870912	1.26	0.01	1.25
65536	-	536870912	1.00	0.01	0.98
512	s	536870912	201.86	2.12	199.73
1024	s	536870912	115.75	1.98	113.77
2048	s	536870912	53.20	0.64	52.56
4096	s	536870912	27.53	0.33	27.20
8192	s	536870912	14.20	0.19	14.02
16384	s	536870912	8.01	0.05	7.97
32768	s	536870912	4.75	0.05	4.70
65536	s	536870912	2.91	0.03	2.88
512	-	603979776	27.14	1.61	25.53
1024	-	603979776	14.45	0.84	13.61
2048	-	603979776	8.30	0.34	7.95
4096	-	603979776	4.59	0.23	4.36
8192	-	603979776	2.73	0.14	2.59
16384	-	603979776	1.81	0.03	1.78
32768	-	603979776	1.37	0.05	1.33
65536	-	603979776	1.14	0.08	1.06
512	s	603979776	228.20	2.50	225.70
1024	s	603979776	118.11	1.62	116.48
2048	s	603979776	59.48	0.62	58.86
4096	s	603979776	30.39	0.34	30.05
8192	s	603979776	16.62	0.20	16.42
16384	s	603979776	8.95	0.05	8.91
32768	s	603979776	5.25	0.03	5.22
65536	s	603979776	3.26	0.05	3.22
512	-	603979776	26.91	1.59	25.31
1024	-	603979776	14.61	1.03	13.58
2048	-	603979776	8.22	0.64	7.58
4096	-	603979776	4.62	0.27	4.36
8192	-	603979776	2.78	0.14	2.64
16384	-	603979776	1.87	0.06	1.81
32768	-	603979776	1.37	0.03	1.34
65536	-	603979776	1.12	0.00	1.12
512	s	603979776	238.06	3.53	234.53
1024	s	603979776	123.16	1.76	121.39
2048	s	603979776	62.59	1.11	61.48
4096	s	603979776	33.56	0.73	32.83
8192	s	603979776	16.33	0.22	16.11
16384	s	603979776	9.02	0.19	8.83
32768	s	603979776	5.45	0.08	5.38
65536	s	603979776	3.20	0.08	3.12
512	-	603979776	32.69	2.33	30.36
1024	-	603979776	19.08	1.59	17.48
2048	-	603979776	9.56	0.66	8.91
4096	-	603979776	5.50	0.27	5.23
8192	-	603979776	3.20	0.12	3.08
16384	-	603979776	2.20	0.11	2.09
32768	-	603979776	1.61	0.06	1.55
65536	-	603979776	1.37	0.05	1.33
512	s	603979776	324.34	9.03	315.31
1024	s	603979776	172.51	6.22	166.30
2048	s	603979776	87.36	3.28	84.08
4096	s	603979776	44.64	1.83	42.81
8192	s	603979776	22.70	0.72	21.98
16384	s	603979776	15.06	0.55	14.52
32768	s	603979776	8.55	0.27	8.28
65536	s	603979776	4.72	0.14	4.58
512	-	603979776	32.36	2.48	29.88
1024	-	603979776	17.09	1.14	15.95
2048	-	603979776	9.75	0.73	9.02
4096	-	603979776	4.75	0.30	4.45
8192	-	603979776	2.70	0.08	2.62
16384	-	603979776	1.75	0.12	1.62
32768	-	603979776	1.41	0.05	1.36
65536	-	603979776	1.41	0.05	1.36
512	s	603979776	334.83	10.03	324.80
1024	s	603979776	146.48	3.34	143.14
2048	s	603979776	89.80	3.70	86.09
4096	s	603979776	47.37	1.56	45.81
8192	s	603979776	20.19	0.44	19.75
16384	s	603979776	12.86	0.52	12.34
32768	s	603979776	5.25	0.16	5.09
65536	s	603979776	4.70	0.12	4.58
512	-	603979776	32.84	2.25	30.59
1024	-	603979776	20.89	1.41	19.48
2048	-	603979776	10.15	0.73	9.42
4096	-	603979776	6.01	0.45	5.56
8192	-	603979776	3.25	0.17	3.08
16384	-	603979776	2.47	0.16	2.31
32768	-	603979776	1.76	0.05	1.72
65536	-	603979776	1.45	0.08	1.38
512	s	603979776	330.25	11.62	318.62
1024	s	603979776	161.83	4.73	157.09
2048	s	603979776	82.91	2.78	80.12
4096	s	603979776	45.45	1.30	44.16
8192	s	603979776	21.95	0.42	21.53
16384	s	603979776	11.06	0.33	10.73
32768	s	603979776	7.06	0.14	6.92
65536	s	603979776	3.33	0.06	3.27
512	-	603979776	27.27	1.76	25.50
1024	-	603979776	14.83	0.91	13.92
2048	-	603979776	7.94	0.42	7.51
4096	-	603979776	4.37	0.31	4.06
8192	-	603979776	2.89	0.14	2.75
16384	-	603979776	1.98	0.12	1.86
32768	-	603979776	1.45	0.06	1.39
65536	-	603979776	1.14	0.00	1.14
512	s	603979776	324.98	9.28	315.70
1024	s	603979776	164.76	4.30	160.47
2048	s	603979776	83.09	1.97	81.12
4096	s	603979776	43.39	1.17	42.22
8192	s	603979776	19.62	0.25	19.38
16384	s	603979776	11.37	0.23	11.14
32768	s	603979776	6.45	0.09	6.36
65536	s	603979776	3.44	0.06	3.38
512	-	603979776	25.78	1.42	24.36
1024	-	603979776	13.86	1.01	12.84
2048	-	603979776	7.83	0.55	7.28
4096	-	603979776	4.42	0.27	4.16
8192	-	603979776	2.67	0.17	2.50
16384	-	603979776	1.87	0.08	1.80
32768	-	603979776	1.34	0.03	1.31
65536	-	603979776	1.20	0.00	1.20
512	s	603979776	326.17	9.09	317.08
1024	s	603979776	163.41	4.55	158.86
2048	s	603979776	84.45	2.72	81.73
4096	s	603979776	42.02	1.01	41.00
8192	s	603979776	21.23	0.69	20.55
16384	s	603979776	10.87	0.22	10.66
32768	s	603979776	5.76	0.09	5.67
65536	s	603979776	3.12	0.08	3.05
512	-	603979776	25.39	1.48	23.91
1024	-	603979776	13.77	1.01	12.75
2048	-	603979776	7.56	0.34	7.22
4096	-	603979776	4.34	0.23	4.11
8192	-	603979776	2.83	0.19	2.64
16384	-	603979776	1.91	0.03	1.88
32768	-	603979776	1.33	0.00	1.33
65536	-	603979776	1.26	0.06	1.20
512	s	603979776	313.59	8.95	304.64
1024	s	603979776	164.22	4.92	159.30
2048	s	603979776	81.33	2.19	79.14
4096	s	603979776	42.33	1.16	41.17
8192	s	603979776	21.95	0.56	21.39
16384	s	603979776	10.69	0.23	10.45
32768	s	603979776	5.69	0.19	5.50
65536	s	603979776	3.56	0.01	3.55
512	-	603979776	26.91	1.84	25.06
1024	-	603979776	14.55	1.00	13.55
2048	-	603979776	8.22	0.42	7.80
4096	-	603979776	4.56	0.25	4.31
8192	-	603979776	2.78	0.25	2.53
16384	-	603979776	1.86	0.03	1.83
32768	-	603979776	1.48	0.06	1.42
65536	-	603979776	1.20	0.06	1.14
512	s	603979776	322.31	9.72	312.59
1024	s	603979776	162.89	4.61	158.28
2048	s	603979776	77.28	1.72	75.56
4096	s	603979776	39.80	1.03	38.77
8192	s	603979776	22.20	0.70	21.50
16384	s	603979776	12.09	0.22	11.88
32768	s	603979776	6.22	0.12	6.09
65536	s	603979776	3.56	0.06	3.50
512	-	603979776	28.19	2.09	26.09
1024	-	603979776	15.06	0.91	14.16
2048	-	603979776	8.58	0.62	7.95
4096	-	603979776	4.70	0.25	4.45
8192	-	603979776	2.87	0.06	2.81
16384	-	603979776	2.00	0.14	1.86
32768	-	603979776	1.50	0.01	1.48
65536	-	603979776	1.30	0.03	1.26
512	s	603979776	321.26	8.30	312.97
1024	s	603979776	165.11	4.53	160.58
2048	s	603979776	82.47	2.11	80.36
4096	s	603979776	42.86	1.31	41.55
8192	s	603979776	24.12	0.48	23.64
16384	s	603979776	10.56	0.17	10.39
32768	s	603979776	6.72	0.17	6.55
65536	s	603979776	3.58	0.03	3.55
512	-	671088640	31.70	2.12	29.58
1024	-	671088640	16.67	0.94	15.73
2048	-	671088640	9.59	0.70	8.89
4096	-	671088640	5.12	0.31	4.81
8192	-	671088640	3.11	0.16	2.95
16384	-	671088640	2.00	0.06	1.94
32768	-	671088640	1.45	0.03	1.42
65536	-	671088640	1.25	0.01	1.23
512	s	671088640	362.75	10.75	352.00
1024	s	671088640	180.84	5.69	175.16
2048	s	671088640	92.33	3.12	89.20
4096	s	671088640	48.06	1.31	46.75
8192	s	671088640	23.78	0.53	23.25
16384	s	671088640	11.23	0.19	11.05
32768	s	671088640	6.70	0.09	6.61
65536	s	671088640	3.62	0.09	3.53
512	-	671088640	29.19	1.83	27.36
1024	-	671088640	15.25	0.91	14.34
2048	-	671088640	8.75	0.77	7.98
4096	-	671088640	4.95	0.22	4.73
8192	-	671088640	2.94	0.06	2.88
16384	-	671088640	1.87	0.14	1.73
32768	-	671088640	1.56	0.08	1.48
65536	-	671088640	1.30	0.03	1.26
512	s	671088640	359.84	10.58	349.26
1024	s	671088640	183.47	5.56	177.91
2048	s	671088640	86.09	2.20	83.89
4096	s	671088640	45.81	1.17	44.64
8192	s	671088640	24.62	0.55	24.08
16384	s	671088640	11.55	0.14	11.41
32768	s	671088640	7.48	0.19	7.30
65536	s	671088640	4.05	0.05	4.00
512	-	671088640	31.89	2.23	29.66
1024	-	671088640	16.95	1.05	15.91
2048	-	671088640	9.30	0.59	8.70
4096	-	671088640	5.31	0.17	5.14
8192	-	671088640	3.34	0.19	3.16
16384	-	671088640	2.14	0.12	2.02
32768	-	671088640	1.69	0.08	1.61
65536	-	671088640	1.58	0.01	1.56
512	s	671088640	371.80	11.00	360.80
1024	s	671088640	186.58	5.45	181.12
2048	s	671088640	86.66	1.94	84.72
4096	s	671088640	47.20	1.41	45.80
8192	s	671088640	23.36	0.38	22.98
16384	s	671088640	12.98	0.36	12.62
32768	s	671088640	6.83	0.12	6.70
65536	s	671088640	4.73	0.11	4.62
512	-	671088640	31.97	2.30	29.67
1024	-	671088640	16.69	0.84	15.84
2048	-	671088640	9.56	0.56	9.00
4096	-	671088640	5.19	0.23	4.95
8192	-	671088640	3.19	0.19	3.00
16384	-	671088640	2.20	0.05	2.16
32768	-	671088640	1.67	0.09	1.58
65536	-	671088640	1.41	0.05	1.36
512	s	671088640	360.50	10.06	350.44
1024	s	671088640	178.91	4.58	174.33
2048	s	671088640	94.52	2.91	91.61
4096	s	671088640	48.31	1.38	46.94
8192	s	671088640	25.23	0.94	24.30
16384	s	671088640	11.05	0.17	10.88
32768	s	671088640	6.64	0.12	6.51
65536	s	671088640	3.81	0.06	3.75
512	-	671088640	30.00	2.00	28.00
1024	-	671088640	15.69	0.97	14.72
2048	-	671088640	8.94	0.44	8.50
4096	-	671088640	4.87	0.30	4.58
8192	-	671088640	3.14	0.19	2.95
16384	-	671088640	1.98	0.11	1.88
32768	-	671088640	1.64	0.08	1.56
65536	-	671088640	1.37	0.05	1.33
512	s	671088640	353.33	10.33	343.00
1024	s	671088640	195.61	6.39	189.22
2048	s	671088640	105.48	3.91	101.58
4096	s	671088640	44.53	1.08	43.45
8192	s	671088640	23.27	0.58	22.69
16384	s	671088640	12.69	0.19	12.50
32768	s	671088640	7.23	0.08	7.16
65536	s	671088640	4.31	0.06	4.25
512	-	671088640	35.72	2.70	33.02
1024	-	671088640	18.27	1.23	17.03
2048	-	671088640	10.70	0.72	9.98
4096	-	671088640	6.05	0.23	5.81
8192	-	671088640	3.48	0.20	3.28
16384	-	671088640	2.28	0.08	2.20
32768	-	671088640	1.83	0.09	1.73
65536	-	671088640	1.47	0.03	1.44
512	s	671088640	317.84	8.09	309.75
1024	s	671088640	189.59	6.00	183.59
2048	s	671088640	100.73	3.58	97.16
4096	s	671088640	56.45	2.30	54.16
8192	s	671088640	27.50	0.81	26.69
16384	s	671088640	15.53	0.70	14.83
32768	s	671088640	7.76	0.17	7.59
65536	s	671088640	3.77	0.06	3.70
512	-	671088640	30.22	1.80	28.42
1024	-	671088640	16.02	0.95	15.06
2048	-	671088640	9.12	0.58	8.55
4096	-	671088640	5.00	0.17	4.83
8192	-	671088640	3.00	0.14	2.86
16384	-	671088640	2.11	0.09	2.02
32768	-	671088640	1.50	0.06	1.44
65536	-	671088640	1.33	0.03	1.30
512	s	671088640	275.22	4.72	270.50
1024	s	671088640	158.70	3.53	155.17
2048	s	671088640	112.14	4.01	108.12
4096	s	671088640	55.31	1.50	53.81
8192	s	671088640	28.31	1.01	27.30
16384	s	671088640	12.19	0.41	11.78
32768	s	671088640	5.95	0.06	5.89
65536	s	671088640	3.34	0.05	3.30
512	-	671088640	29.51	2.05	27.47
1024	-	671088640	15.75	1.08	14.67
2048	-	671088640	8.45	0.39	8.06
4096	-	671088640	5.09	0.23	4.86
8192	-	671088640	3.02	0.20	2.81
16384	-	671088640	2.05	0.05	2.00
32768	-	671088640	1.48	0.01	1.47
65536	-	671088640	1.28	0.03	1.25
512	s	671088640	273.09	4.92	268.17
1024	s	671088640	138.50	3.14	135.36
2048	s	671088640	69.36	1.14	68.22
4096	s	671088640	36.39	0.70	35.69
8192	s	671088640	19.73	0.38	19.36
16384	s	671088640	10.62	0.17	10.45
32768	s	671088640	6.09	0.11	5.98
65536	s	671088640	3.40	0.01	3.39
512	-	671088640	29.20	1.80	27.41
1024	-	671088640	16.58	1.01	15.56
2048	-	671088640	9.19	0.47	8.72
4096	-	671088640	5.22	0.30	4.92
8192	-	671088640	3.06	0.12	2.94
16384	-	671088640	2.08	0.12	1.95
32768	-	671088640	1.55	0.05	1.50
65536	-	671088640	1.28	0.01	1.26
512	s	671088640	269.94	4.62	265.31
1024	s	671088640	136.94	2.30	134.64
2048	s	671088640	70.25	1.16	69.09
4096	s	671088640	36.53	0.61	35.92
8192	s	671088640	18.14	0.17	17.97
16384	s	671088640	10.20	0.12	10.08
32768	s	671088640	6.56	0.11	6.45
65536	s	671088640	3.58	0.05	3.53
512	-	671088640	30.08	1.95	28.12
1024	-	671088640	16.17	1.03	15.14
2048	-	671088640	8.97	0.72	8.25
4096	-	671088640	5.09	0.25	4.84
8192	-	671088640	3.17	0.16	3.02
16384	-	671088640	2.12	0.05	2.08
32768	-	671088640	1.55	0.03	1.51
65536	-	671088640	1.26	0.00	1.26
512	s	671088640	284.64	6.00	278.64
1024	s	671088640	138.75	2.14	136.61
2048	s	671088640	69.48	1.28	68.20
4096	s	671088640	35.59	0.58	35.02
8192	s	671088640	19.70	0.27	19.44
16384	s	671088640	10.33	0.11	10.22
32768	s	671088640	6.22	0.14	6.08
65536	s	671088640	3.45	0.01	3.44
512	-	738197504	32.81	1.84	30.97
1024	-	738197504	17.34	1.19	16.16
2048	-	738197504	9.61	0.55	9.06
4096	-	738197504	5.33	0.28	5.05
8192	-	738197504	3.30	0.09	3.20
16384	-	738197504	2.23	0.06	2.17
32768	-	738197504	1.80	0.08	1.72
65536	-	738197504	1.44	0.03	1.41
512	s	738197504	313.75	6.50	307.25
1024	s	738197504	151.05	2.92	148.12
2048	s	738197504	75.55	1.28	74.27
4096	s	738197504	38.47	0.66	37.81
8192	s	738197504	20.52	0.44	20.08
16384	s	738197504	11.17	0.17	11.00
32768	s	738197504	6.61	0.08	6.53
65536	s	738197504	3.67	0.05	3.62
512	-	738197504	32.19	1.97	30.22
1024	-	738197504	17.03	0.94	16.09
2048	-	738197504	9.58	0.59	8.98
4096	-	738197504	5.53	0.31	5.22
8192	-	738197504	3.27	0.14	3.12
16384	-	738197504	2.33	0.12	2.20
32768	-	738197504	1.70	0.03	1.67
65536	-	738197504	1.36	0.03	1.33
512	s	738197504	298.33	5.73	292.59
1024	s	738197504	152.64	2.55	150.09
2048	s	738197504	75.37	1.20	74.17
4096	s	738197504	40.16	0.72	39.44
8192	s	738197504	21.48	0.38	21.11
16384	s	738197504	11.31	0.20	11.11
32768	s	738197504	6.87	0.11	6.76
65536	s	738197504	4.11	0.05	4.06
512	-	738197504	33.91	2.55	31.36
1024	-	738197504	17.98	1.17	16.81
2048	-	738197504	10.37	0.61	9.77
4096	-	738197504	6.05	0.27	5.78
8192	-	738197504	3.47	0.17	3.30
16384	-	738197504	2.33	0.01	2.31
32768	-	738197504	1.70	0.05	1.66
65536	-	738197504	1.53	0.09	1.44
512	s	738197504	297.30	5.06	292.23
1024	s	738197504	152.84	3.02	149.83
2048	s	738197504	77.03	1.23	75.80
4096	s	738197504	39.75	0.59	39.16
8192	s	738197504	20.66	0.44	20.22
16384	s	738197504	11.40	0.17	11.23
32768	s	738197504	6.81	0.09	6.72
65536	s	738197504	3.61	0.00	3.61
512	-	738197504	34.75	2.11	32.64
1024	-	738197504	18.84	1.26	17.58
2048	-	738197504	10.41	0.66	9.75
4096	-	738197504	5.84	0.38	5.47
8192	-	738197504	3.59	0.25	3.34
16384	-	738197504	2.39	0.19	2.20
32768	-	738197504	1.72	0.01	1.70
65536	-	738197504	1.48	0.05	1.44
512	s	738197504	299.20	4.70	294.50
1024	s	738197504	156.67	2.83	153.84
2048	s	738197504	76.25	1.01	75.23
4096	s	738197504	39.76	0.92	38.84
8192	s	738197504	21.08	0.36	20.72
16384	s	738197504	11.56	0.20	11.36
32768	s	738197504	6.80	0.06	6.73
65536	s	738197504	3.80	0.05	3.75
512	-	738197504	36.30	2.59	33.70
1024	-	738197504	24.16	1.38	22.78
2048	-	738197504	13.05	0.86	12.19
4096	-	738197504	7.58	0.39	7.19
8192	-	738197504	4.12	0.17	3.95
16384	-	738197504	2.86	0.08	2.78
32768	-	738197504	1.98	0.09	1.89
65536	-	738197504	1.78	0.05	1.73
512	s	738197504	410.80	12.97	397.83
1024	s	738197504	154.16	2.70	151.45
2048	s	738197504	76.89	1.33	75.56
4096	s	738197504	39.72	0.61	39.11
8192	s	738197504	20.50	0.27	20.23
16384	s	738197504	11.55	0.12	11.42
32768	s	738197504	6.70	0.09	6.61
65536	s	738197504	3.87	0.08	3.80
512	-	738197504	34.92	2.48	32.44
1024	-	738197504	18.09	1.12	16.97
2048	-	738197504	10.11	0.53	9.58
4096	-	738197504	5.76	0.33	5.44
8192	-	738197504	3.50	0.12	3.38
16384	-	738197504	2.27	0.08	2.19
32768	-	738197504	1.73	0.03	1.70
65536	-	738197504	1.41	0.03	1.38
512	s	738197504	297.42	4.81	292.61
1024	s	738197504	153.50	2.83	150.67
2048	s	738197504	76.73	1.09	75.64
4096	s	738197504	39.22	0.58	38.64
8192	s	738197504	21.44	0.38	21.06
16384	s	738197504	11.58	0.17	11.41
32768	s	738197504	6.55	0.06	6.48
65536	s	738197504	3.75	0.03	3.72
512	-	738197504	34.09	2.23	31.86
1024	-	738197504	18.27	1.01	17.25
2048	-	738197504	10.19	0.80	9.39
4096	-	738197504	5.75	0.38	5.38
8192	-	738197504	3.64	0.22	3.42
16384	-	738197504	2.34	0.11	2.23
32768	-	738197504	1.81	0.03	1.78
65536	-	738197504	1.48	0.05	1.44
512	s	738197504	299.50	5.58	293.92
1024	s	738197504	152.36	2.67	149.69
2048	s	738197504	76.47	1.62	74.84
4096	s	738197504	38.73	1.00	37.73
8192	s	738197504	21.77	0.38	21.39
16384	s	738197504	11.51	0.17	11.34
32768	s	738197504	6.83	0.05	6.78
65536	s	738197504	3.89	0.06	3.83
512	-	738197504	34.33	2.02	32.31
1024	-	738197504	18.28	1.17	17.11
2048	-	738197504	10.08	0.58	9.50
4096	-	738197504	5.80	0.31	5.48
8192	-	738197504	3.51	0.22	3.30
16384	-	738197504	2.33	0.11	2.22
32768	-	738197504	1.73	0.08	1.66
65536	-	738197504	1.39	0.06	1.33
512	s	738197504	297.39	5.73	291.66
1024	s	738197504	151.89	2.75	149.14
2048	s	738197504	80.37	1.56	78.81
4096	s	738197504	39.23	0.53	38.70
8192	s	738197504	20.69	0.41	20.28
16384	s	738197504	11.44	0.16	11.28
32768	s	738197504	7.00	0.05	6.95
65536	s	738197504	3.86	0.00	3.86
512	-	738197504	34.27	2.36	31.91
1024	-	738197504	18.61	1.19	17.42
2048	-	738197504	10.08	0.36	9.72
4096	-	738197504	5.80	0.31	5.48
8192	-	738197504	3.48	0.20	3.28
16384	-	738197504	2.37	0.08	2.30
32768	-	738197504	1.70	0.06	1.64
65536	-	738197504	1.47	0.00	1.47
512	s	738197504	300.91	5.16	295.75
1024	s	738197504	151.70	2.78	148.92
2048	s	738197504	80.31	1.39	78.92
4096	s	738197504	40.39	0.97	39.42
8192	s	738197504	21.73	0.47	21.27
16384	s	738197504	11.83	0.28	11.55
32768	s	738197504	6.98	0.16	6.83
65536	s	738197504	4.00	0.00	4.00
512	-	738197504	35.41	2.05	33.36
1024	-	738197504	18.97	1.30	17.67
2048	-	738197504	10.23	0.52	9.72
4096	-	738197504	5.73	0.27	5.47
8192	-	738197504	3.59	0.20	3.39
16384	-	738197504	2.47	0.09	2.38
32768	-	738197504	1.75	0.01	1.73
65536	-	738197504	1.44	0.00	1.44
512	s	738197504	300.36	5.81	294.55
1024	s	738197504	156.39	2.55	153.84
2048	s	738197504	76.33	1.22	75.11
4096	s	738197504	40.56	0.73	39.83
8192	s	738197504	20.98	0.28	20.70
16384	s	738197504	11.66	0.28	11.38
32768	s	738197504	7.08	0.01	7.06
65536	s	738197504	3.98	0.03	3.95
512	-	805306368	37.59	2.58	35.02
1024	-	805306368	20.25	1.36	18.89
2048	-	805306368	11.09	0.62	10.47
4096	-	805306368	6.09	0.27	5.83
8192	-	805306368	3.81	0.22	3.59
16384	-	805306368	2.59	0.16	2.44
32768	-	805306368	1.91	0.03	1.88
65536	-	805306368	1.53	0.03	1.50
512	s	805306368	324.28	5.88	318.41
1024	s	805306368	163.39	2.80	160.59
2048	s	805306368	82.98	1.31	81.67
4096	s	805306368	41.94	0.50	41.44
8192	s	805306368	23.01	0.34	22.67
16384	s	805306368	12.62	0.19	12.44
32768	s	805306368	7.59	0.11	7.48
65536	s	805306368	4.01	0.00	4.01
512	-	805306368	37.78	2.33	35.45
1024	-	805306368	19.92	0.86	19.06
2048	-	805306368	10.84	0.78	10.06
4096	-	805306368	6.39	0.33	6.06
8192	-	805306368	3.92	0.16	3.77
16384	-	805306368	2.48	0.06	2.42
32768	-	805306368	1.86	0.06	1.80
65536	-	805306368	1.53	0.03	1.50
512	s	805306368	330.19	5.94	324.25
1024	s	805306368	170.34	3.05	167.30
2048	s	805306368	85.86	1.72	84.14
4096	s	805306368	45.59	1.11	44.48
8192	s	805306368	22.83	0.45	22.38
16384	s	805306368	12.00	0.08	11.92
32768	s	805306368	9.56	0.28	9.28
65536	s	805306368	6.78	0.23	6.55
512	-	805306368	35.92	2.53	33.39
1024	-	805306368	18.72	1.12	17.59
2048	-	805306368	10.53	0.47	10.06
4096	-	805306368	6.03	0.23	5.80
8192	-	805306368	3.64	0.23	3.41
16384	-	805306368	2.36	0.11	2.25
32768	-	805306368	1.86	0.01	1.84
65536	-	805306368	1.50	0.00	1.50
512	s	805306368	331.66	6.88	324.78
1024	s	805306368	165.30	3.77	161.53
2048	s	805306368	86.72	1.94	84.78
4096	s	805306368	42.47	0.70	41.77
8192	s	805306368	22.17	0.39	21.78
16384	s	805306368	12.11	0.20	11.91
32768	s	805306368	6.89	0.06	6.83
65536	s	805306368	4.19	0.05	4.14
512	-	805306368	35.31	2.05	33.27
1024	-	805306368	19.30	1.45	17.84
2048	-	805306368	10.42	0.56	9.86
4096	-	805306368	6.00	0.27	5.73
8192	-	805306368	3.62	0.14	3.48
16384	-	805306368	2.37	0.06	2.31
32768	-	805306368	1.86	0.01	1.84
65536	-	805306368	1.45	0.03	1.42
512	s	805306368	332.78	6.44	326.34
1024	s	805306368	165.36	3.44	161.92
2048	s	805306368	83.22	1.11	82.11
4096	s	805306368	42.97	0.86	42.11
8192	s	805306368	22.50	0.31	22.19
16384	s	805306368	12.47	0.11	12.36
32768	s	805306368	7.33	0.09	7.23
65536	s	805306368	4.19	0.06	4.12
512	-	805306368	37.70	2.38	35.33
1024	-	805306368	20.05	1.30	18.75
2048	-	805306368	11.12	0.64	10.48
4096	-	805306368	6.26	0.36	5.91
8192	-	805306368	3.81	0.22	3.59
16384	-	805306368	2.56	0.14	2.42
32768	-	805306368	1.89	0.03	1.86
65536	-	805306368	1.56	0.00	1.56
512	s	805306368	327.89	5.48	322.41
1024	s	805306368	166.89	3.03	163.86
2048	s	805306368	85.03	1.76	83.27
4096	s	805306368	42.95	0.72	42.23
8192	s	805306368	22.50	0.30	22.20
16384	s	805306368	13.19	0.25	12.94
32768	s	805306368	7.31	0.06	7.25
65536	s	805306368	4.09	0.05	4.05
512	-	805306368	36.92	2.48	34.44
1024	-	805306368	20.03	0.94	19.09
2048	-	805306368	11.42	0.52	10.91
4096	-	805306368	6.25	0.41	5.84
8192	-	805306368	3.87	0.14	3.73
16384	-	805306368	2.48	0.14	2.34
32768	-	805306368	2.06	0.03	2.03
65536	-	805306368	1.64	0.03	1.61
512	s	805306368	325.26	5.59	319.67
1024	s	805306368	165.73	2.72	163.01
2048	s	805306368	84.80	1.34	83.45
4096	s	805306368	49.77	1.12	48.64
8192	s	805306368	23.06	0.50	22.56
16384	s	805306368	12.34	0.27	12.08
32768	s	805306368	7.47	0.08	7.39
65536	s	805306368	4.23	0.08	4.16
512	-	805306368	37.81	2.27	35.55
1024	-	805306368	19.75	1.33	18.42
2048	-	805306368	11.01	0.67	10.34
4096	-	805306368	6.50	0.42	6.08
8192	-	805306368	3.84	0.20	3.64
16384	-	805306368	2.53	0.11	2.42
32768	-	805306368	1.83	0.06	1.76
65536	-	805306368	1.59	0.03	1.56
512	s	805306368	329.50	5.61	323.89
1024	s	805306368	165.76	2.81	162.95
2048	s	805306368	91.45	2.38	89.08
4096	s	805306368	44.95	0.95	44.00
8192	s	805306368	22.59	0.28	22.31
16384	s	805306368	12.61	0.27	12.34
32768	s	805306368	7.67	0.12	7.55
65536	s	805306368	4.17	0.05	4.12
512	-	805306368	36.75	2.38	34.38
1024	-	805306368	19.53	1.17	18.36
2048	-	805306368	10.67	0.64	10.03
4096	-	805306368	6.08	0.20	5.88
8192	-	805306368	3.53	0.08	3.45
16384	-	805306368	2.47	0.11	2.36
32768	-	805306368	1.81	0.06	1.75
65536	-	805306368	1.51	0.01	1.50
512	s	805306368	376.61	9.30	367.31
1024	s	805306368	188.78	4.17	184.61
2048	s	805306368	92.48	2.02	90.47
4096	s	805306368	45.23	0.88	44.36
8192	s	805306368	27.75	0.91	26.84
16384	s	805306368	13.69	0.25	13.44
32768	s	805306368	6.98	0.12	6.86
65536	s	805306368	4.01	0.03	3.98
512	-	805306368	37.17	2.34	34.83
1024	-	805306368	25.73	1.59	24.14
2048	-	805306368	12.64	0.86	11.78
4096	-	805306368	6.97	0.39	6.58
8192	-	805306368	4.37	0.20	4.17
16384	-	805306368	2.84	0.12	2.72
32768	-	805306368	2.33	0.08	2.25
65536	-	805306368	1.81	0.01	1.80
512	s	805306368	426.69	14.25	412.44
1024	s	805306368	205.12	5.66	199.47
2048	s	805306368	105.42	2.84	102.58
4096	s	805306368	68.87	3.39	65.48
8192	s	805306368	27.70	0.59	27.11
16384	s	805306368	15.58	0.41	15.17
32768	s	805306368	9.45	0.22	9.23
65536	s	805306368	4.73	0.14	4.59
512	-	805306368	41.70	3.00	38.70
1024	-	805306368	21.67	1.19	20.48
2048	-	805306368	12.69	0.78	11.91
4096	-	805306368	6.73	0.34	6.39
8192	-	805306368	4.09	0.27	3.83
16384	-	805306368	2.69	0.20	2.48
32768	-	805306368	2.03	0.12	1.91
65536	-	805306368	1.61	0.06	1.55
512	s	805306368	440.47	15.59	424.88
1024	s	805306368	203.69	5.08	198.61
2048	s	805306368	97.84	2.34	95.50
4096	s	805306368	49.55	1.06	48.48
8192	s	805306368	26.20	0.56	25.64
16384	s	805306368	15.84	0.36	15.48
32768	s	805306368	8.77	0.16	8.61
65536	s	805306368	4.94	0.11	4.83
512	-	872415232	45.34	3.00	42.34
1024	-	872415232	20.11	1.05	19.06
2048	-	872415232	12.58	0.88	11.70
4096	-	872415232	6.56	0.36	6.20
8192	-	872415232	4.12	0.19	3.94
16384	-	872415232	2.62	0.08	2.55
32768	-	872415232	2.19	0.06	2.12
65536	-	872415232	1.81	0.09	1.72
512	s	872415232	391.00	8.11	382.89
1024	s	872415232	166.55	2.77	163.78
2048	s	872415232	79.14	0.94	78.20
4096	s	872415232	40.02	0.50	39.52
8192	s	872415232	21.67	0.22	21.45
16384	s	872415232	11.81	0.08	11.73
32768	s	872415232	7.06	0.09	6.97
65536	s	872415232	3.97	0.05	3.92
512	-	872415232	35.17	2.50	32.67
1024	-	872415232	19.20	0.89	18.31
2048	-	872415232	10.53	0.67	9.86
4096	-	872415232	6.09	0.38	5.72
8192	-	872415232	3.92	0.22	3.70
16384	-	872415232	2.44	0.08	2.36
32768	-	872415232	1.86	0.06	1.80
65536	-	872415232	1.55	0.01	1.53
512	s	872415232	376.39	6.88	369.51
1024	s	872415232	153.92	1.78	152.14
2048	s	872415232	78.36	0.59	77.77
4096	s	872415232	40.78	0.42	40.36
8192	s	872415232	21.64	0.19	21.45
16384	s	872415232	11.80	0.06	11.73
32768	s	872415232	6.98	0.11	6.88
65536	s	872415232	4.05	0.05	4.00
512	-	872415232	35.84	2.23	33.61
1024	-	872415232	19.22	1.03	18.19
2048	-	872415232	10.88	0.62	10.25
4096	-	872415232	6.05	0.28	5.76
8192	-	872415232	3.70	0.14	3.56
16384	-	872415232	2.42	0.11	2.31
32768	-	872415232	1.84	0.01	1.83
65536	-	872415232	1.48	0.06	1.42
512	s	872415232	306.30	3.52	302.78
1024	s	872415232	156.75	1.72	155.03
2048	s	872415232	77.83	0.89	76.94
4096	s	872415232	40.22	0.36	39.86
8192	s	872415232	21.11	0.14	20.97
16384	s	872415232	11.33	0.08	11.25
32768	s	872415232	7.03	0.11	6.92
65536	s	872415232	4.01	0.03	3.98
512	-	872415232	35.39	2.31	33.08
1024	-	872415232	19.23	0.97	18.27
2048	-	872415232	10.80	0.59	10.20
4096	-	872415232	6.00	0.41	5.59
8192	-	872415232	3.70	0.14	3.56
16384	-	872415232	2.50	0.03	2.47
32768	-	872415232	1.89	0.05	1.84
65536	-	872415232	1.51	0.01	1.50
512	s	872415232	300.73	2.94	297.80
1024	s	872415232	151.87	1.56	150.31
2048	s	872415232	79.69	1.08	78.61
4096	s	872415232	39.87	0.47	39.41
8192	s	872415232	20.97	0.19	20.78
16384	s	872415232	11.53	0.16	11.38
32768	s	872415232	7.26	0.11	7.16
65536	s	872415232	4.05	0.03	4.01
512	-	872415232	34.39	1.86	32.53
1024	-	872415232	19.02	1.26	17.75
2048	-	872415232	10.78	0.77	10.02
4096	-	872415232	6.09	0.36	5.73
8192	-	872415232	3.69	0.27	3.42
16384	-	872415232	2.50	0.05	2.45
32768	-	872415232	1.87	0.03	1.84
65536	-	872415232	1.53	0.01	1.51
512	s	872415232	300.28	3.33	296.95
1024	s	872415232	151.66	1.36	150.30
2048	s	872415232	77.59	0.78	76.81
4096	s	872415232	39.89	0.30	39.59
8192	s	872415232	20.81	0.16	20.66
16384	s	872415232	11.33	0.20	11.12
32768	s	872415232	6.94	0.16	6.78
65536	s	872415232	4.06	0.03	4.03
512	-	872415232	35.17	2.20	32.97
1024	-	872415232	19.16	1.09	18.06
2048	-	872415232	10.94	0.62	10.31
4096	-	872415232	6.14	0.22	5.92
8192	-	872415232	3.67	0.12	3.55
16384	-	872415232	2.48	0.14	2.34
32768	-	872415232	1.83	0.11	1.72
65536	-	872415232	1.53	0.03	1.50
512	s	872415232	301.25	3.66	297.59
1024	s	872415232	153.55	1.64	151.91
2048	s	872415232	77.08	0.81	76.27
4096	s	872415232	39.86	0.39	39.47
8192	s	872415232	21.14	0.27	20.88
16384	s	872415232	11.62	0.22	11.41
32768	s	872415232	6.86	0.06	6.80
65536	s	872415232	4.00	0.09	3.91
512	-	872415232	34.56	2.02	32.55
1024	-	872415232	19.00	1.16	17.84
2048	-	872415232	10.70	0.69	10.02
4096	-	872415232	6.16	0.36	5.80
8192	-	872415232	3.72	0.09	3.62
16384	-	872415232	2.47	0.14	2.33
32768	-	872415232	1.84	0.03	1.81
65536	-	872415232	1.53	0.03	1.50
512	s	872415232	307.26	3.34	303.92
1024	s	872415232	153.81	1.58	152.23
2048	s	872415232	76.64	0.91	75.73
4096	s	872415232	39.89	0.47	39.42
8192	s	872415232	21.44	0.22	21.22
16384	s	872415232	11.48	0.16	11.33
32768	s	872415232	7.16	0.09	7.06
65536	s	872415232	3.80	0.06	3.73
512	-	872415232	34.72	1.98	32.73
1024	-	872415232	18.59	1.14	17.45
2048	-	872415232	12.23	0.80	11.44
4096	-	872415232	6.31	0.41	5.91
8192	-	872415232	3.64	0.17	3.47
16384	-	872415232	2.45	0.08	2.38
32768	-	872415232	1.83	0.11	1.72
65536	-	872415232	1.51	0.01	1.50
512	s	872415232	300.15	3.19	296.97
1024	s	872415232	151.84	1.47	150.38
2048	s	872415232	77.44	0.84	76.59
4096	s	872415232	39.47	0.44	39.03
8192	s	872415232	21.03	0.27	20.77
16384	s	872415232	11.59	0.14	11.45
32768	s	872415232	6.92	0.03	6.89
65536	s	872415232	3.94	0.05	3.89
512	-	872415232	34.52	2.20	32.31
1024	-	872415232	19.11	1.03	18.08
2048	-	872415232	10.91	0.75	10.16
4096	-	872415232	6.14	0.33	5.81
8192	-	872415232	3.72	0.16	3.56
16384	-	872415232	2.45	0.11	2.34
32768	-	872415232	1.86	0.08	1.78
65536	-	872415232	1.50	0.03	1.47
512	s	872415232	300.76	3.33	297.44
1024	s	872415232	151.34	1.78	149.56
2048	s	872415232	78.23	0.94	77.30
4096	s	872415232	40.16	0.42	39.73
8192	s	872415232	21.19	0.08	21.11
16384	s	872415232	11.42	0.16	11.27
32768	s	872415232	6.91	0.03	6.88
65536	s	872415232	3.98	0.08	3.91
512	-	872415232	34.09	2.56	31.53
1024	-	872415232	18.95	0.95	18.00
2048	-	872415232	10.75	0.45	10.30
4096	-	872415232	6.09	0.20	5.89
8192	-	872415232	3.64	0.19	3.45
16384	-	872415232	2.47	0.09	2.38
32768	-	872415232	1.83	0.05	1.78
65536	-	872415232	1.55	0.01	1.53
512	s	872415232	301.44	3.28	298.16
1024	s	872415232	153.86	1.45	152.41
2048	s	872415232	77.59	0.80	76.80
4096	s	872415232	39.87	0.36	39.52
8192	s	872415232	20.80	0.28	20.52
16384	s	872415232	11.34	0.08	11.27
32768	s	872415232	6.95	0.08	6.88
65536	s	872415232	3.97	0.03	3.94
512	-	939524096	36.91	2.64	34.27
1024	-	939524096	20.55	1.28	19.27
2048	-	939524096	11.44	0.89	10.55
4096	-	939524096	6.48	0.44	6.05
8192	-	939524096	4.00	0.23	3.77
16384	-	939524096	2.62	0.14	2.48
32768	-	939524096	2.02	0.06	1.95
65536	-	939524096	1.69	0.00	1.69
512	s	939524096	324.53	3.22	321.31
1024	s	939524096	164.53	2.11	162.42
2048	s	939524096	82.91	0.83	82.08
4096	s	939524096	42.67	0.53	42.14
8192	s	939524096	22.17	0.30	21.88
16384	s	939524096	12.64	0.12	12.52
32768	s	939524096	7.67	0.09	7.58
65536	s	939524096	4.28	0.05	4.23
512	-	939524096	37.95	2.16	35.80
1024	-	939524096	20.33	1.36	18.97
2048	-	939524096	11.55	0.70	10.84
4096	-	939524096	6.67	0.34	6.33
8192	-	939524096	4.03	0.19	3.84
16384	-	939524096	2.70	0.12	2.58
32768	-	939524096	2.00	0.01	1.98
65536	-	939524096	1.67	0.01	1.66
512	s	939524096	332.92	3.91	329.01
1024	s	939524096	165.20	2.08	163.12
2048	s	939524096	83.88	1.00	82.88
4096	s	939524096	42.86	0.45	42.41
8192	s	939524096	22.91	0.27	22.64
16384	s	939524096	12.41	0.03	12.38
32768	s	939524096	7.56	0.06	7.50
65536	s	939524096	4.51	0.01	4.50
512	-	939524096	37.37	2.27	35.11
1024	-	939524096	20.28	1.50	18.78
2048	-	939524096	11.73	0.70	11.03
4096	-	939524096	6.67	0.31	6.36
8192	-	939524096	3.98	0.19	3.80
16384	-	939524096	2.72	0.08	2.64
32768	-	939524096	2.11	0.03	2.08
65536	-	939524096	1.76	0.03	1.73
512	s	939524096	325.59	3.33	322.26
1024	s	939524096	166.44	1.67	164.76
2048	s	939524096	83.33	0.89	82.44
4096	s	939524096	42.75	0.38	42.38
8192	s	939524096	23.47	0.22	23.25
16384	s	939524096	12.34	0.16	12.19
32768	s	939524096	7.41	0.08	7.33
65536	s	939524096	4.25	0.03	4.22
512	-	939524096	37.19	2.47	34.72
1024	-	939524096	20.55	1.30	19.25
2048	-	939524096	11.47	0.55	10.92
4096	-	939524096	6.51	0.34	6.17
8192	-	939524096	4.01	0.20	3.81
16384	-	939524096	2.70	0.08	2.62
32768	-	939524096	1.98	0.01	1.97
65536	-	939524096	1.64	0.03	1.61
512	s	939524096	430.80	9.97	420.83
1024	s	939524096	203.19	4.22	198.97
2048	s	939524096	119.55	3.61	115.94
4096	s	939524096	55.59	1.17	54.42
8192	s	939524096	24.37	0.31	24.06
16384	s	939524096	13.53	0.20	13.33
32768	s	939524096	8.00	0.06	7.94
65536	s	939524096	4.53	0.01	4.51
512	-	939524096	41.48	2.64	38.84
1024	-	939524096	21.70	1.19	20.52
2048	-	939524096	12.20	0.81	11.39
4096	-	939524096	6.94	0.39	6.55
8192	-	939524096	4.06	0.28	3.78
16384	-	939524096	2.70	0.03	2.67
32768	-	939524096	2.11	0.09	2.02
65536	-	939524096	1.69	0.06	1.62
512	s	939524096	480.78	14.66	466.12
1024	s	939524096	212.53	5.33	207.20
2048	s	939524096	108.52	2.20	106.31
4096	s	939524096	52.20	1.11	51.09
8192	s	939524096	29.16	0.61	28.55
16384	s	939524096	16.66	0.44	16.22
32768	s	939524096	8.40	0.09	8.31
65536	s	939524096	4.87	0.03	4.84
512	-	939524096	43.19	2.78	40.41
1024	-	939524096	22.00	1.56	20.44
2048	-	939524096	12.94	0.66	12.28
4096	-	939524096	7.12	0.33	6.80
8192	-	939524096	4.23	0.28	3.95
16384	-	939524096	2.86	0.06	2.80
32768	-	939524096	2.17	0.06	2.11
65536	-	939524096	1.84	0.03	1.81
512	s	939524096	410.25	9.14	401.11
1024	s	939524096	208.19	5.31	202.88
2048	s	939524096	103.84	2.31	101.53
4096	s	939524096	52.25	1.33	50.92
8192	s	939524096	27.92	0.67	27.25
16384	s	939524096	19.70	0.73	18.97
32768	s	939524096	9.00	0.14	8.86
65536	s	939524096	4.98	0.11	4.88
512	-	939524096	42.28	3.17	39.11
1024	-	939524096	22.50	1.44	21.06
2048	-	939524096	12.77	0.94	11.83
4096	-	939524096	6.97	0.36	6.61
8192	-	939524096	4.33	0.20	4.12
16384	-	939524096	2.90	0.23	2.67
32768	-	939524096	2.31	0.12	2.19
65536	-	939524096	1.80	0.08	1.72
512	s	939524096	441.50	11.77	429.73
1024	s	939524096	223.28	6.14	217.14
2048	s	939524096	119.64	3.78	115.86
4096	s	939524096	59.81	1.33	58.48
8192	s	939524096	35.61	1.09	34.52
16384	s	939524096	23.37	0.89	22.48
32768	s	939524096	9.27	0.19	9.08
65536	s	939524096	4.78	0.08	4.70
512	-	939524096	41.88	2.62	39.25
1024	-	939524096	22.22	1.42	20.80
2048	-	939524096	12.39	0.72	11.67
4096	-	939524096	7.00	0.41	6.59
8192	-	939524096	4.20	0.14	4.06
16384	-	939524096	2.87	0.16	2.72
32768	-	939524096	2.12	0.12	2.00
65536	-	939524096	1.72	0.08	1.64
512	s	939524096	500.03	14.27	485.76
1024	s	939524096	253.72	7.70	246.01
2048	s	939524096	121.95	3.67	118.28
4096	s	939524096	62.56	1.61	60.95
8192	s	939524096	34.91	1.33	33.58
16384	s	939524096	17.33	0.34	16.98
32768	s	939524096	11.12	0.20	10.92
65536	s	939524096	6.14	0.16	5.98
512	-	939524096	46.36	3.09	43.27
1024	-	939524096	25.42	1.45	23.97
2048	-	939524096	13.42	0.84	12.58
4096	-	939524096	7.73	0.44	7.30
8192	-	939524096	4.55	0.25	4.30
16384	-	939524096	3.12	0.12	3.00
32768	-	939524096	2.36	0.11	2.25
65536	-	939524096	1.97	0.00	1.97
512	s	939524096	479.86	13.30	466.56
1024	s	939524096	237.91	6.16	231.75
2048	s	939524096	121.30	3.30	118.00
4096	s	939524096	62.53	1.64	60.89
8192	s	939524096	33.98	1.25	32.73
16384	s	939524096	17.83	0.42	17.41
32768	s	939524096	10.61	0.25	10.36
65536	s	939524096	5.87	0.06	5.81
512	-	939524096	47.23	3.48	43.75
1024	-	939524096	25.42	1.58	23.84
2048	-	939524096	13.81	0.92	12.89
4096	-	939524096	7.94	0.44	7.50
8192	-	939524096	4.87	0.27	4.61
16384	-	939524096	3.31	0.28	3.03
32768	-	939524096	2.34	0.08	2.27
65536	-	939524096	2.03	0.08	1.95
512	s	939524096	468.97	12.20	456.76
1024	s	939524096	235.53	6.86	228.67
2048	s	939524096	123.05	3.28	119.77
4096	s	939524096	62.44	1.58	60.86
8192	s	939524096	34.56	1.01	33.55
16384	s	939524096	18.47	0.41	18.06
32768	s	939524096	10.61	0.23	10.38
65536	s	939524096	5.84	0.06	5.78
512	-	1006632960	50.19	3.36	46.83
1024	-	1006632960	26.17	1.53	24.64
2048	-	1006632960	15.34	0.81	14.53
4096	-	1006632960	8.45	0.48	7.97
8192	-	1006632960	5.56	0.25	5.31
16384	-	1006632960	3.53	0.11	3.42
32768	-	1006632960	2.31	0.12	2.19
65536	-	1006632960	2.03	0.03	2.00
512	s	1006632960	527.62	17.56	510.06
1024	s	1006632960	295.17	11.66	283.51
2048	s	1006632960	122.36	2.77	119.59
4096	s	1006632960	62.61	1.39	61.22
8192	s	1006632960	32.69	0.55	32.14
16384	s	1006632960	17.80	0.45	17.34
32768	s	1006632960	10.87	0.27	10.61
65536	s	1006632960	6.36	0.08	6.28
512	-	1006632960	50.66	3.45	47.20
1024	-	1006632960	23.12	1.31	21.81
2048	-	1006632960	13.14	0.64	12.50
4096	-	1006632960	7.51	0.42	7.09
8192	-	1006632960	4.67	0.20	4.47
16384	-	1006632960	3.28	0.16	3.12
32768	-	1006632960	2.45	0.09	2.36
65536	-	1006632960	2.12	0.06	2.06
512	s	1006632960	456.37	10.30	446.08
1024	s	1006632960	218.84	5.26	213.58
2048	s	1006632960	113.77	2.36	111.41
4096	s	1006632960	53.42	0.98	52.44
8192	s	1006632960	27.88	0.50	27.38
16384	s	1006632960	13.48	0.14	13.34
32768	s	1006632960	11.25	0.31	10.94
65536	s	1006632960	5.51	0.08	5.44
512	-	1006632960	47.39	3.42	43.97
1024	-	1006632960	24.72	1.73	22.98
2048	-	1006632960	13.56	0.80	12.77
4096	-	1006632960	8.09	0.41	7.69
8192	-	1006632960	4.58	0.23	4.34
16384	-	1006632960	3.02	0.20	2.81
32768	-	1006632960	2.53	0.14	2.39
65536	-	1006632960	2.14	0.05	2.09
512	s	1006632960	455.83	9.34	446.48
1024	s	1006632960	227.45	4.62	222.83
2048	s	1006632960	119.91	2.58	117.33
4096	s	1006632960	65.00	1.81	63.19
8192	s	1006632960	30.44	0.77	29.67
16384	s	1006632960	15.48	0.25	15.23
32768	s	1006632960	9.00	0.14	8.86
65536	s	1006632960	5.16	0.16	5.00
512	-	1006632960	44.52	2.73	41.78
1024	-	1006632960	23.55	1.31	22.23
2048	-	1006632960	13.20	0.84	12.36
4096	-	1006632960	7.42	0.47	6.95
8192	-	1006632960	4.56	0.22	4.34
16384	-	1006632960	3.03	0.14	2.89
32768	-	1006632960	2.22	0.03	2.19
65536	-	1006632960	1.83	0.00	1.83
512	s	1006632960	400.58	7.14	393.44
1024	s	1006632960	201.97	3.61	198.36
2048	s	1006632960	99.56	1.59	97.97
4096	s	1006632960	52.45	1.00	51.45
8192	s	1006632960	27.22	0.55	26.67
16384	s	1006632960	14.98	0.19	14.80
32768	s	1006632960	8.80	0.16	8.64
65536	s	1006632960	5.25	0.01	5.23
512	-	1006632960	43.20	2.52	40.69
1024	-	1006632960	22.98	1.56	21.42
2048	-	1006632960	13.11	0.80	12.31
4096	-	1006632960	7.59	0.48	7.11
8192	-	1006632960	4.47	0.25	4.22
16384	-	1006632960	2.95	0.17	2.78
32768	-	1006632960	2.14	0.06	2.08
65536	-	1006632960	1.86	0.05	1.81
512	s	1006632960	393.53	6.88	386.66
1024	s	1006632960	201.45	3.52	197.94
2048	s	1006632960	106.34	2.23	104.11
4096	s	1006632960	52.37	0.98	51.39
8192	s	1006632960	27.67	0.58	27.09
16384	s	1006632960	14.90	0.09	14.81
32768	s	1006632960	8.12	0.16	7.97
65536	s	1006632960	4.94	0.05	4.89
512	-	1006632960	43.64	2.58	41.06
1024	-	1006632960	23.23	1.38	21.86
2048	-	1006632960	13.15	0.84	12.31
4096	-	1006632960	7.37	0.47	6.91
8192	-	1006632960	4.45	0.23	4.22
16384	-	1006632960	3.14	0.16	2.98
32768	-	1006632960	2.26	0.09	2.17
65536	-	1006632960	1.81	0.00	1.81
512	s	1006632960	393.16	7.78	385.38
1024	s	1006632960	204.83	4.01	200.81
2048	s	1006632960	103.75	2.12	101.62
4096	s	1006632960	53.87	0.78	53.09
8192	s	1006632960	32.48	0.75	31.73
16384	s	1006632960	17.75	0.31	17.44
32768	s	1006632960	11.08	0.39	10.69
65536	s	1006632960	7.53	0.20	7.33
512	-	1006632960	58.25	3.53	54.72
1024	-	1006632960	27.95	1.66	26.30
2048	-	1006632960	15.28	0.78	14.50
4096	-	1006632960	8.30	0.55	7.75
8192	-	1006632960	5.16	0.19	4.97
16384	-	1006632960	3.11	0.08	3.03
32768	-	1006632960	2.41	0.08	2.33
65536	-	1006632960	1.98	0.06	1.92
512	s	1006632960	405.84	7.55	398.30
1024	s	1006632960	200.17	3.55	196.62
2048	s	1006632960	102.19	1.81	100.38
4096	s	1006632960	52.03	0.88	51.16
8192	s	1006632960	26.95	0.33	26.62
16384	s	1006632960	16.06	0.23	15.83
32768	s	1006632960	8.64	0.16	8.48
65536	s	1006632960	5.03	0.09	4.94
512	-	1006632960	42.91	2.98	39.92
1024	-	1006632960	23.05	1.53	21.52
2048	-	1006632960	13.12	0.88	12.25
4096	-	1006632960	7.48	0.47	7.01
8192	-	1006632960	4.56	0.27	4.30
16384	-	1006632960	2.98	0.14	2.84
32768	-	1006632960	2.27	0.08	2.19
65536	-	1006632960	1.81	0.01	1.80
512	s	1006632960	398.30	7.62	390.67
1024	s	1006632960	200.36	3.25	197.11
2048	s	1006632960	100.28	1.61	98.67
4096	s	1006632960	51.31	1.00	50.31
8192	s	1006632960	28.05	0.47	27.58
16384	s	1006632960	14.92	0.27	14.66
32768	s	1006632960	8.94	0.09	8.84
65536	s	1006632960	4.91	0.03	4.88
512	-	1006632960	43.76	2.42	41.34
1024	-	1006632960	23.52	1.75	21.77
2048	-	1006632960	13.78	0.53	13.25
4096	-	1006632960	8.65	0.52	8.14
8192	-	1006632960	4.75	0.14	4.61
16384	-	1006632960	3.06	0.12	2.94
32768	-	1006632960	2.34	0.08	2.27
65536	-	1006632960	1.83	0.05	1.78
512	s	1006632960	402.80	7.64	395.16
1024	s	1006632960	201.95	3.38	198.58
2048	s	1006632960	103.69	1.88	101.81
4096	s	1006632960	53.69	0.92	52.77
8192	s	1006632960	27.00	0.41	26.59
16384	s	1006632960	14.70	0.27	14.44
32768	s	1006632960	9.39	0.23	9.16
65536	s	1006632960	5.05	0.06	4.98
512	-	1006632960	43.01	2.72	40.30
1024	-	1006632960	23.98	1.67	22.31
2048	-	1006632960	12.98	0.75	12.23
4096	-	1006632960	7.22	0.33	6.89
8192	-	1006632960	4.76	0.33	4.44
16384	-	1006632960	3.00	0.12	2.88
32768	-	1006632960	2.23	0.11	2.12
65536	-	1006632960	1.84	0.05	1.80
512	s	1006632960	395.75	7.42	388.33
1024	s	1006632960	202.67	3.91	198.76
2048	s	1006632960	102.56	1.92	100.64
4096	s	1006632960	52.02	1.00	51.02
8192	s	1006632960	27.83	0.47	27.36
16384	s	1006632960	15.47	0.17	15.30
32768	s	1006632960	8.64	0.09	8.55
65536	s	1006632960	5.11	0.03	5.08
512	-	1073741824	45.97	3.09	42.88
1024	-	1073741824	24.72	1.53	23.19
2048	-	1073741824	14.37	0.67	13.70
4096	-	1073741824	7.84	0.44	7.41
8192	-	1073741824	4.81	0.38	4.44
16384	-	1073741824	3.15	0.19	2.97
32768	-	1073741824	2.34	0.08	2.27
65536	-	1073741824	1.94	0.00	1.94
512	s	1073741824	425.58	8.27	417.31
1024	s	1073741824	212.05	3.62	208.42
2048	s	1073741824	108.89	1.86	107.03
4096	s	1073741824	55.37	0.80	54.58
8192	s	1073741824	29.30	0.47	28.83
16384	s	1073741824	16.36	0.25	16.11
32768	s	1073741824	9.45	0.12	9.33
65536	s	1073741824	5.45	0.06	5.39
512	-	1073741824	46.66	3.05	43.61
1024	-	1073741824	25.22	1.44	23.78
2048	-	1073741824	13.95	0.66	13.30
4096	-	1073741824	8.23	0.47	7.76
8192	-	1073741824	4.83	0.23	4.59
16384	-	1073741824	3.14	0.08	3.06
32768	-	1073741824	2.47	0.05	2.42
65536	-	1073741824	1.98	0.08	1.91
512	s	1073741824	428.94	7.53	421.41
1024	s	1073741824	215.44	4.03	211.41
2048	s	1073741824	109.12	1.69	107.44
4096	s	1073741824	56.58	1.00	55.58
8192	s	1073741824	29.41	0.44	28.97
16384	s	1073741824	15.87	0.31	15.56
32768	s	1073741824	10.14	0.33	9.81
65536	s	1073741824	5.44	0.05	5.39
512	-	1073741824	46.28	2.64	43.64
1024	-	1073741824	24.97	1.56	23.41
2048	-	1073741824	13.83	0.80	13.03
4096	-	1073741824	7.73	0.66	7.08
8192	-	1073741824	4.95	0.30	4.66
16384	-	1073741824	3.25	0.11	3.14
32768	-	1073741824	2.34	0.09	2.25
65536	-	1073741824	1.98	0.00	1.98
512	s	1073741824	422.23	8.11	414.12
1024	s	1073741824	214.36	3.75	210.61
2048	s	1073741824	108.98	1.86	107.12
4096	s	1073741824	54.73	1.00	53.73
8192	s	1073741824	29.70	0.39	29.31
16384	s	1073741824	15.59	0.23	15.36
32768	s	1073741824	9.52	0.12	9.39
65536	s	1073741824	5.80	0.00	5.80
512	-	1073741824	46.02	3.20	42.81
1024	-	1073741824	24.94	1.59	23.34
2048	-	1073741824	14.03	0.97	13.06
4096	-	1073741824	8.00	0.58	7.42
8192	-	1073741824	4.75	0.23	4.51
16384	-	1073741824	3.33	0.17	3.16
32768	-	1073741824	2.48	0.08	2.41
65536	-	1073741824	2.00	0.06	1.94
512	s	1073741824	411.37	7.51	403.86
1024	s	1073741824	213.92	3.80	210.12
2048	s	1073741824	106.72	1.67	105.05
4096	s	1073741824	55.20	0.94	54.27
8192	s	1073741824	30.55	0.52	30.03
16384	s	1073741824	16.00	0.20	15.80
32768	s	1073741824	9.86	0.22	9.64
65536	s	1073741824	5.51	0.09	5.42
512	-	1073741824	45.55	2.78	42.77
1024	-	1073741824	24.75	1.38	23.38
2048	-	1073741824	13.75	0.86	12.89
4096	-	1073741824	7.89	0.48	7.41
8192	-	1073741824	4.78	0.23	4.55
16384	-	1073741824	3.20	0.09	3.11
32768	-	1073741824	2.50	0.05	2.45
65536	-	1073741824	2.00	0.08	1.92
512	s	1073741824	427.50	7.44	420.06
1024	s	1073741824	212.06	3.48	208.58
2048	s	1073741824	106.67	1.86	104.81
4096	s	1073741824	60.89	1.20	59.69
8192	s	1073741824	30.88	0.38	30.50
16384	s	1073741824	17.48	0.34	17.14
32768	s	1073741824	16.53	0.58	15.95
65536	s	1073741824	6.08	0.12	5.95
512	-	1073741824	53.61	3.22	50.39
1024	-	1073741824	29.89	1.84	28.05
2048	-	1073741824	16.67	0.83	15.84
4096	-	1073741824	9.28	0.55	8.73
8192	-	1073741824	5.66	0.42	5.23
16384	-	1073741824	3.65	0.14	3.52
32768	-	1073741824	2.94	0.14	2.80
65536	-	1073741824	2.36	0.05	2.31
512	s	1073741824	539.03	14.59	524.44
1024	s	1073741824	275.97	9.17	266.80
2048	s	1073741824	102.02	1.62	100.39
4096	s	1073741824	52.61	0.67	51.94
8192	s	1073741824	27.09	0.38	26.72
16384	s	1073741824	15.26	0.17	15.09
32768	s	1073741824	9.00	0.14	8.86
65536	s	1073741824	5.17	0.03	5.14
512	-	1073741824	44.50	2.86	41.64
1024	-	1073741824	23.80	1.41	22.39
2048	-	1073741824	13.55	0.62	12.92
4096	-	1073741824	7.70	0.38	7.33
8192	-	1073741824	4.64	0.16	4.48
16384	-	1073741824	3.08	0.08	3.00
32768	-	1073741824	2.33	0.06	2.27
65536	-	1073741824	1.95	0.01	1.94
512	s	1073741824	404.61	5.55	399.06
1024	s	1073741824	197.51	1.97	195.55
2048	s	1073741824	102.27	1.12	101.14
4096	s	1073741824	51.87	0.72	51.16
8192	s	1073741824	27.89	0.34	27.55
16384	s	1073741824	15.45	0.14	15.31
32768	s	1073741824	8.91	0.12	8.78
65536	s	1073741824	5.30	0.06	5.23
512	-	1073741824	44.14	2.53	41.61
1024	-	1073741824	23.91	1.48	22.42
2048	-	1073741824	13.53	0.80	12.73
4096	-	1073741824	7.61	0.45	7.16
8192	-	1073741824	4.58	0.27	4.31
16384	-	1073741824	3.12	0.11	3.02
32768	-	1073741824	2.34	0.12	2.22
65536	-	1073741824	1.89	0.01	1.88
512	s	1073741824	394.44	4.83	389.61
1024	s	1073741824	195.08	2.11	192.97
2048	s	1073741824	99.53	1.41	98.12
4096	s	1073741824	52.48	0.67	51.81
8192	s	1073741824	27.44	0.30	27.14
16384	s	1073741824	15.09	0.11	14.98
32768	s	1073741824	8.84	0.03	8.81
65536	s	1073741824	5.33	0.09	5.23
512	-	1073741824	43.62	2.77	40.86
1024	-	1073741824	24.00	1.44	22.56
2048	-	1073741824	13.44	0.80	12.64
4096	-	1073741824	7.73	0.33	7.41
8192	-	1073741824	4.67	0.17	4.50
16384	-	1073741824	3.14	0.09	3.05
32768	-	1073741824	2.36	0.14	2.22
65536	-	1073741824	1.95	0.03	1.92
512	s	1073741824	372.78	4.05	368.73
1024	s	1073741824	200.98	2.56	198.42
2048	s	1073741824	101.55	1.26	100.28
4096	s	1073741824	51.03	0.61	50.42
8192	s	1073741824	27.11	0.23	26.88
16384	s	1073741824	14.55	0.14	14.41
32768	s	1073741824	8.84	0.06	8.78
65536	s	1073741824	5.17	0.01	5.16
512	-	1073741824	43.78	3.08	40.70
1024	-	1073741824	24.22	1.36	22.86
2048	-	1073741824	13.48	0.83	12.66
4096	-	1073741824	7.67	0.39	7.28
8192	-	1073741824	4.72	0.30	4.42
16384	-	1073741824	3.08	0.12	2.95
32768	-	1073741824	2.31	0.06	2.25
65536	-	1073741824	1.94	0.03	1.91
512	s	1073741824	378.06	4.08	373.98
1024	s	1073741824	202.97	2.52	200.45
2048	s	1073741824	99.89	1.26	98.62
4096	s	1073741824	51.34	0.69	50.66
8192	s	1073741824	26.70	0.33	26.38
16384	s	1073741824	15.23	0.08	15.16
32768	s	1073741824	9.34	0.14	9.20
65536	s	1073741824	5.12	0.03	5.09
